Test run for C:\Users\endim\LLMGameCreator\tests\LLMGameCreator.Tests\bin\Debug\net8.0-windows\LLMGameCreator.Tests.dll (.NETCoreApp,Version=v8.0)
A total of 1 test files matched the specified pattern.
C:\Users\endim\LLMGameCreator\tests\LLMGameCreator.Tests\bin\Debug\net8.0-windows\LLMGameCreator.Tests.dll
[xUnit.net 00:00:00.00] xUnit.net VSTest Adapter v2.8.2+699d445a1a (64-bit .NET 8.0.26)
[xUnit.net 00:00:00.15]   Discovering: LLMGameCreator.Tests
[xUnit.net 00:00:00.34]   Discovered:  LLMGameCreator.Tests
[xUnit.net 00:00:00.34]   Starting:    LLMGameCreator.Tests
  Passed LLMGameCreator.Tests.ProductSmoke.EditDrivenUnityAlphaStreamingAssetsHandoffProductSmokeTests.Goal082ReadsMirroredStreamingAssetsPayloadAndRejectsFakeHandoffSuccess [311 ms]
  Passed LLMGameCreator.Tests.Application.AcceptedAlphaUnityPlayableProjection.SelectedRuntimeVariantPlayerAdapterScriptProof.WritesGoal143SelectedRuntimeVariantPlayerAdapterArtifacts [334 ms]
[xUnit.net 00:00:02.46]       Assert.Equal() Failure: Strings differ
[xUnit.net 00:00:02.46]                  ↓ (pos 0)
[xUnit.net 00:00:02.46]       Expected: "GREEN"
[xUnit.net 00:00:02.46]       Actual:   "FAILED"
[xUnit.net 00:00:02.46]                  ↑ (pos 0)
[xUnit.net 00:00:02.46]       Stack Trace:
[xUnit.net 00:00:02.46]         C:\Users\endim\LLMGameCreator\tests\LLMGameCreator.Tests\ProductSmoke\OfflineGeoworldAlphaSliceOrchestratorProductSmokeTests.cs(139,0): at LLMGameCreator.Tests.ProductSmoke.OfflineGeoworldAlphaSliceOrchestratorProductSmokeTests.Goal108AAlphaSliceSourceSplitImmutabilityAuditProductSmoke()
[xUnit.net 00:00:02.46]         --- End of stack trace from previous location ---
  Failed LLMGameCreator.Tests.ProductSmoke.OfflineGeoworldAlphaSliceOrchestratorProductSmokeTests.Goal108AAlphaSliceSourceSplitImmutabilityAuditProductSmoke [1 s]
  Error Message:
   Assert.Equal() Failure: Strings differ
           ↓ (pos 0)
Expected: "GREEN"
Actual:   "FAILED"
           ↑ (pos 0)
  Stack Trace:
     at LLMGameCreator.Tests.ProductSmoke.OfflineGeoworldAlphaSliceOrchestratorProductSmokeTests.Goal108AAlphaSliceSourceSplitImmutabilityAuditProductSmoke() in C:\Users\endim\LLMGameCreator\tests\LLMGameCreator.Tests\ProductSmoke\OfflineGeoworldAlphaSliceOrchestratorProductSmokeTests.cs:line 139
--- End of stack trace from previous location ---
  Passed LLMGameCreator.Tests.ProductSmoke.OfflineGeoworldAlphaSliceOrchestratorProductSmokeTests.Goal108OfflineGeoworldAlphaSliceOrchestratorProductSmoke [3 s]
  Passed LLMGameCreator.Tests.Application.VisualWorldStreamPreviewWorkspace.VisualWorldStreamPreviewWorkspaceGoal145Tests.Goal145_tab_exposes_in_process_selectable_runtime_session_workflow [1 ms]
  Passed LLMGameCreator.Tests.Application.MediaBoundPlayableReviewPackage.MediaBoundFamilySmokeAndInvalidMatrixTests.FamilySmokeMatrixCoversAllFamiliesWithPhysicalMediaAndProof [219 ms]
  Passed LLMGameCreator.Tests.Application.MediaBoundPlayableReviewPackage.MediaBoundFamilySmokeAndInvalidMatrixTests.InvalidFakeLeakMatrixCoversRequiredGoal055Risks [8 ms]
  Passed LLMGameCreator.Tests.Application.EditDrivenGamePackageRuntimePreviewPlaythrough.EditDrivenGamePackageRuntimePreviewPlaythroughQualityGateTests.WinFormsBindingInventoryFindsGoal081ControlAndParentActivation [242 ms]
  Passed LLMGameCreator.Tests.Application.EditDrivenGamePackageRuntimePreviewPlaythrough.EditDrivenGamePackageRuntimePreviewPlaythroughQualityGateTests.QualityGateScansGoal081FilesEvidenceAndSourceShapes [37 ms]
[xUnit.net 00:00:07.85]       Assert.True() Failure
[xUnit.net 00:00:07.85]       Expected: True
[xUnit.net 00:00:07.85]       Actual:   False
[xUnit.net 00:00:07.85]       Stack Trace:
[xUnit.net 00:00:07.85]         C:\Users\endim\LLMGameCreator\tests\LLMGameCreator.Tests\ProductSmoke\OfflineGeoworldInteractionPlayableProbeProductSmokeTests.cs(42,0): at LLMGameCreator.Tests.ProductSmoke.OfflineGeoworldInteractionPlayableProbeProductSmokeTests.Goal105OfflineGeoworldInteractionPlayableProbeProductSmoke()
[xUnit.net 00:00:07.85]         --- End of stack trace from previous location ---
  Passed LLMGameCreator.Tests.Application.EditDrivenGamePackageRuntimePreviewPlaythrough.EditDrivenGamePackageRuntimePreviewPlaythroughQualityGateTests.WorkspaceActivationBindsGoal081RuntimePreviewPlaythroughControl [1 s]
  Failed LLMGameCreator.Tests.ProductSmoke.OfflineGeoworldInteractionPlayableProbeProductSmokeTests.Goal105OfflineGeoworldInteractionPlayableProbeProductSmoke [172 ms]
  Error Message:
   Assert.True() Failure
Expected: True
Actual:   False
  Stack Trace:
     at LLMGameCreator.Tests.ProductSmoke.OfflineGeoworldInteractionPlayableProbeProductSmokeTests.Goal105OfflineGeoworldInteractionPlayableProbeProductSmoke() in C:\Users\endim\LLMGameCreator\tests\LLMGameCreator.Tests\ProductSmoke\OfflineGeoworldInteractionPlayableProbeProductSmokeTests.cs:line 42
--- End of stack trace from previous location ---
  Passed LLMGameCreator.Tests.Application.LivingWorldNpcFactionSimulationMatrix.LivingWorldNpcFactionSimulationSourceLoadingTests.SourceLoaderConsumesGoal060ThroughGoal063EvidenceAndPreflightHandoff [118 ms]
  Passed LLMGameCreator.Tests.ProductSmoke.MultiFamilyGeneratedTemplateVerticalSliceProductSmokeTests.MultiFamilyGeneratedTemplateVerticalSliceProductSmoke [192 ms]
[xUnit.net 00:00:08.99]       Assert.Equal() Failure: Strings differ
[xUnit.net 00:00:08.99]                  ↓ (pos 0)
[xUnit.net 00:00:08.99]       Expected: "GREEN"
[xUnit.net 00:00:08.99]       Actual:   "BLOCKED"
[xUnit.net 00:00:08.99]                  ↑ (pos 0)
[xUnit.net 00:00:08.99]       Stack Trace:
[xUnit.net 00:00:08.99]         C:\Users\endim\LLMGameCreator\tests\LLMGameCreator.Tests\ProductSmoke\OfflineGeoworldAlphaManualGateAcceptanceRecordProductSmokeTests.cs(16,0): at LLMGameCreator.Tests.ProductSmoke.OfflineGeoworldAlphaManualGateAcceptanceRecordProductSmokeTests.ProductSmokeWritesAcceptanceRecordArtifactsAndWorkspaceSurface()
[xUnit.net 00:00:08.99]         --- End of stack trace from previous location ---
  Passed LLMGameCreator.Tests.Application.LuaSandboxExecutionGate.LuaSandboxEvidenceTests.EvidenceBuildIsDeterministicAndKeepsManualGateRequired [387 ms]
  Passed LLMGameCreator.Tests.Application.LuaSandboxExecutionGate.LuaSandboxEvidenceTests.EvidenceArtifactsAreWrittenAndParse [144 ms]
  Passed LLMGameCreator.Tests.DevFlow.RunGamePackageProjectionMatrixScriptTests.RunGamePackageProjectionMatrixScriptExposesCandidateMatrixContract [< 1 ms]
  Passed LLMGameCreator.Tests.Application.FullGeneratorVariabilityRegressionMatrix.FullGeneratorVariabilityRegressionMatrixPlanTests.MatrixReviewPreviewAndUnityCommandPlanCoverEveryRow [129 ms]
  Passed LLMGameCreator.Tests.Application.InterlockedGameplaySystemsDepthMatrix.InterlockedGameplayUnityPlanTests.UnityCommandPlanRequiresInterlockedMarkersForAllRows [132 ms]
  Failed LLMGameCreator.Tests.ProductSmoke.OfflineGeoworldAlphaManualGateAcceptanceRecordProductSmokeTests.ProductSmokeWritesAcceptanceRecordArtifactsAndWorkspaceSurface [33 ms]
  Error Message:
   Assert.Equal() Failure: Strings differ
           ↓ (pos 0)
Expected: "GREEN"
Actual:   "BLOCKED"
           ↑ (pos 0)
  Stack Trace:
     at LLMGameCreator.Tests.ProductSmoke.OfflineGeoworldAlphaManualGateAcceptanceRecordProductSmokeTests.ProductSmokeWritesAcceptanceRecordArtifactsAndWorkspaceSurface() in C:\Users\endim\LLMGameCreator\tests\LLMGameCreator.Tests\ProductSmoke\OfflineGeoworldAlphaManualGateAcceptanceRecordProductSmokeTests.cs:line 16
--- End of stack trace from previous location ---
  Passed LLMGameCreator.Tests.Application.SchemaDrivenCampaignEditValidateApplyLoop.SchemaDrivenCampaignEditValidateApplyInvalidMatrixTests.InvalidMatrixRejectsEveryRequiredScenarioCausally [71 ms]
  Passed LLMGameCreator.Tests.Application.SchemaDrivenCampaignEditValidateApplyLoop.SchemaDrivenCampaignEditValidateApplyInvalidMatrixTests.ValidCandidatesHaveNoInvalidDiagnostics [62 ms]
  Passed LLMGameCreator.Tests.ProductSmoke.OfflineGeoworldAlphaSliceManualAcceptanceGateProductSmokeTests.Goal110OfflineGeoworldAlphaManualAcceptanceGateProductSmoke [727 ms]
  Passed LLMGameCreator.Tests.Design.GeneratorPlanStrictJsonResponseParserTests.Fixture_TextBeforeJson_ReturnsJsonTextWrapper [8 ms]
  Passed LLMGameCreator.Tests.Design.GeneratorPlanStrictJsonResponseParserTests.Fixture_BrokenTrailingComma_ReturnsJsonInvalid [7 ms]
  Passed LLMGameCreator.Tests.Design.GeneratorPlanStrictJsonResponseParserTests.Fixture_InvalidEscape_ReturnsJsonInvalid [9 ms]
  Passed LLMGameCreator.Tests.Design.GeneratorPlanStrictJsonResponseParserTests.RejectsMarkdownFence [< 1 ms]
  Passed LLMGameCreator.Tests.Design.GeneratorPlanStrictJsonResponseParserTests.RejectsTextBeforeOrAfterJson [< 1 ms]
  Passed LLMGameCreator.Tests.Design.GeneratorPlanStrictJsonResponseParserTests.Diagnostic_PreservesContractId [6 ms]
  Passed LLMGameCreator.Tests.Design.GeneratorPlanStrictJsonResponseParserTests.RejectsInvalidJson [< 1 ms]
  Passed LLMGameCreator.Tests.Design.GeneratorPlanStrictJsonResponseParserTests.Fixture_ValidMinimalJsonObject_ReturnsOk [5 ms]
  Passed LLMGameCreator.Tests.Design.GeneratorPlanStrictJsonResponseParserTests.RejectsJsonArrayRoot [< 1 ms]
  Passed LLMGameCreator.Tests.Design.GeneratorPlanStrictJsonResponseParserTests.Fixture_TwoJsonObjects_ReturnsDeterministicError [5 ms]
  Passed LLMGameCreator.Tests.Design.GeneratorPlanStrictJsonResponseParserTests.Fixture_TextAfterJson_ReturnsJsonTextWrapper [6 ms]
  Passed LLMGameCreator.Tests.Design.GeneratorPlanStrictJsonResponseParserTests.Fixture_EmptyResponse_ReturnsJsonInvalid [< 1 ms]
  Passed LLMGameCreator.Tests.Design.GeneratorPlanStrictJsonResponseParserTests.Fixture_JsonArrayRoot_ReturnsJsonRootNotObject [< 1 ms]
  Passed LLMGameCreator.Tests.Design.GeneratorPlanStrictJsonResponseParserTests.Fixture_MarkdownFencedJson_ReturnsJsonMarkdownFence [< 1 ms]
  Passed LLMGameCreator.Tests.Design.GeneratorPlanStrictJsonResponseParserTests.AcceptsSingleJsonObject [< 1 ms]
  Passed LLMGameCreator.Tests.Docs.AgentTaskDocsFrameworkGuardTests.IndexReferencesExistingTaskSpecFiles [1 ms]
  Passed LLMGameCreator.Tests.Docs.AgentTaskDocsFrameworkGuardTests.NextPackRequestPointsToPackIdAndHasQualityBar [< 1 ms]
  Passed LLMGameCreator.Tests.Docs.AgentTaskDocsFrameworkGuardTests.RequiredM41SupportDocsExist [< 1 ms]
  Passed LLMGameCreator.Tests.Docs.AgentTaskDocsFrameworkGuardTests.RequiredFrameworkDocsExist [< 1 ms]
  Passed LLMGameCreator.Tests.Application.FeatureModuleAuthoring.FeatureModulePersistenceTests.Corrupt_document_is_rejected_without_overwriting_existing_bytes [66 ms]
  Passed LLMGameCreator.Tests.Application.FeatureModuleAuthoring.FeatureModulePersistenceTests.Create_save_load_clone_delete_and_staleness_are_deterministic [43 ms]
  Passed LLMGameCreator.Tests.Application.FeatureModuleAuthoring.FeatureModulePersistenceTests.Missing_selected_module_is_reported_unresolved_without_fallback [6 ms]
  Passed LLMGameCreator.Tests.Application.SettlementConstructionDestructionProductionMatrix.SettlementConstructionInvalidMatrixTests.InvalidFakeLeakAndScopeMatrixCoversRequiredCases [178 ms]
  Passed LLMGameCreator.Tests.Application.IntegratedCampaignTimelineSimulationMatrix.IntegratedCampaignTimelineShapeTests.MatrixCascadesArbitrationReplayAndVariancePass [268 ms]
  Passed LLMGameCreator.Tests.Docs.AgentTaskDocsExecutableSpecGuardTests.MissingSystemGatesSectionFailsWithNamedAssertion [< 1 ms]
  Passed LLMGameCreator.Tests.Docs.AgentTaskDocsExecutableSpecGuardTests.MissingStopConditionsSectionFailsWithNamedAssertion [< 1 ms]
  Passed LLMGameCreator.Tests.Docs.AgentTaskDocsExecutableSpecGuardTests.AllExecutableM41TaskSpecsContainRequiredSections [3 ms]
  Passed LLMGameCreator.Tests.Docs.AgentTaskDocsExecutableSpecGuardTests.SupportDocsAreNotTreatedAsExecutableSpecs [< 1 ms]
  Passed LLMGameCreator.Tests.Docs.AgentTaskDocsExecutableSpecGuardTests.MissingProofTestsSectionFailsWithNamedAssertion [< 1 ms]
  Passed LLMGameCreator.Tests.Docs.AgentTaskDocsExecutableSpecGuardTests.ExtractExecutableTaskSpecPathsFromIndexExtractsTableRowEndingWithPipe [< 1 ms]
  Passed LLMGameCreator.Tests.Docs.AgentTaskDocsExecutableSpecGuardTests.LockedM5AndM6SpecsRemainLockedWhileCurrentStateBlocksM5M6 [1 ms]
  Passed LLMGameCreator.Tests.Docs.AgentTaskDocsExecutableSpecGuardTests.ExpectedFinalReportFieldsArePresentInExecutableSpecs [4 ms]
  Passed LLMGameCreator.Tests.Application.DynamicSemanticFeatures.DynamicSemanticFeatureValidatorTests.InvalidFakeLeakMatrixProducesCausalDiagnostics [60 ms]
  Passed LLMGameCreator.Tests.Application.LuaSandboxExecutionGate.LuaSandboxRepairPlannerTests.BlockedNoExecutorProducesFutureAdapterRepairPlan [42 ms]
  Passed LLMGameCreator.Tests.Application.LuaSandboxExecutionGate.LuaSandboxRepairPlannerTests.RepairPlansAreDeterministicAndDoNotMutateAcceptedManifests [42 ms]
  Passed LLMGameCreator.Tests.Application.UnityAlphaMediaBoundPlayablePackage.UnityMediaBoundFamilyPanelTests.FamilyPanelModelsCoverAllThreeGoal056Families [104 ms]
  Passed LLMGameCreator.Tests.Design.GeneratorPlanPreviewPipelineTests.ValidatorAcceptsCompletePlanWithoutErrors [3 ms]
  Passed LLMGameCreator.Tests.Design.GeneratorPlanPreviewPipelineTests.ValidatorReportsRequiredErrorsAndWarningsDeterministically [1 ms]
  Passed LLMGameCreator.Tests.Design.GeneratorPlanPreviewPipelineTests.ArtifactServiceSavesArtifactsValidationResultsAndSupportsIdempotenceCustomIdsAndNoMarkdown [106 ms]
  Passed LLMGameCreator.Tests.Design.GeneratorPlanPreviewPipelineTests.LoaderHandlesMissingOptionalFieldsWithoutThrowing [9 ms]
  Passed LLMGameCreator.Tests.Design.GeneratorPlanPreviewPipelineTests.MarkdownRendererRendersSummaryStepsDiagnosticsAndEscapesCells [< 1 ms]
  Passed LLMGameCreator.Tests.Design.GeneratorPlanPreviewPipelineTests.LoaderLoadsValidExampleAndOrdersStepsDeterministically [9 ms]
  Passed LLMGameCreator.Tests.Design.GeneratorPlanPreviewPipelineTests.MarkdownRendererHandlesEmptySteps [< 1 ms]
  Passed LLMGameCreator.Tests.Design.GeneratorPlanPreviewPipelineTests.ReaderReturnsEmptySavedArtifactsAndMissingMarkdown [23 ms]
  Passed LLMGameCreator.Tests.Design.GeneratorPlanPreviewPipelineTests.LoaderReturnsInvalidJsonDiagnostic [8 ms]
  Passed LLMGameCreator.Tests.Design.GeneratorPlanPreviewPipelineTests.PreviewServiceReturnsOkWarningsAndFailedWithoutPersistingArtifacts [4 ms]
  Passed LLMGameCreator.Tests.Application.VisualWorldStreamPreviewWorkspace.VisualWorldStreamPreviewWorkspaceGoal131Tests.Goal131GamePackageCandidateRecipePipelineSurfacesInWorkspaceAndUiBinding [878 ms]
  Passed LLMGameCreator.Tests.Design.SqliteGeneratorPlanRepositoryTests.SqliteRepositorySavesAndLoadsPlanWithOrderedSteps [26 ms]
  Passed LLMGameCreator.Tests.Design.SqliteGeneratorPlanRepositoryTests.SqliteRepositoryStatusUpdateReturnsFalseForUnknownPlan [12 ms]
  Passed LLMGameCreator.Tests.Design.SqliteGeneratorPlanRepositoryTests.SqliteRepositoryUpdatesPlanStatusAndUpdatedUtcWithoutDeletingSteps [24 ms]
  Passed LLMGameCreator.Tests.Design.GeneratorPlanDraftArtifactProductionPipelineTests.ValidatorReportsNoArtifactsAsError [4 ms]
  Passed LLMGameCreator.Tests.Design.GeneratorPlanDraftArtifactProductionPipelineTests.ReaderReturnsBatchMarkdownProducedArtifactsAndValidationResults [75 ms]
  Passed LLMGameCreator.Tests.Design.GeneratorPlanDraftArtifactProductionPipelineTests.DeterministicProducerUsesSourceContextForKnownArtifactKinds [7 ms]
  Passed LLMGameCreator.Tests.Design.GeneratorPlanDraftArtifactProductionPipelineTests.ReaderReturnsEmptyWhenMissing [13 ms]
  Passed LLMGameCreator.Tests.Design.GeneratorPlanDraftArtifactProductionPipelineTests.ValidatorReportsInvalidJsonAsError [< 1 ms]
  Passed LLMGameCreator.Tests.Design.GeneratorPlanDraftArtifactProductionPipelineTests.ReaderBuildsWorklistForApprovalAndRepair [33 ms]
  Passed LLMGameCreator.Tests.Design.GeneratorPlanDraftArtifactProductionPipelineTests.MarkdownRendererRendersSummaryArtifactsDiagnosticsAndJsonPreview [< 1 ms]
  Passed LLMGameCreator.Tests.Design.GeneratorPlanDraftArtifactProductionPipelineTests.ServiceProducesArtifactsFromExamplePath [30 ms]
  Passed LLMGameCreator.Tests.Design.GeneratorPlanDraftArtifactProductionPipelineTests.MarkdownRendererEscapesTableCells [< 1 ms]
  Passed LLMGameCreator.Tests.Design.GeneratorPlanDraftArtifactProductionPipelineTests.ServiceCanSkipMarkdownRendering [< 1 ms]
  Passed LLMGameCreator.Tests.Design.GeneratorPlanDraftArtifactProductionPipelineTests.ServiceReturnsInvalidWhenQueueInvalid [< 1 ms]
  Passed LLMGameCreator.Tests.Design.GeneratorPlanDraftArtifactProductionPipelineTests.ValidatorReportsArtifactIdMismatchAsWarning [< 1 ms]
  Passed LLMGameCreator.Tests.Design.GeneratorPlanDraftArtifactProductionPipelineTests.ArtifactServiceIsIdempotentForSameArtifactIds [34 ms]
  Passed LLMGameCreator.Tests.Design.GeneratorPlanDraftArtifactProductionPipelineTests.ProductionServicePropagatesSourceContextToProducedArtifacts [10 ms]
  Passed LLMGameCreator.Tests.Design.GeneratorPlanDraftArtifactProductionPipelineTests.ValidationPolicyMapsOnlyWarningsAndErrorsToValidationResults [< 1 ms]
  Passed LLMGameCreator.Tests.Design.GeneratorPlanDraftArtifactProductionPipelineTests.ProducerCreatesKnownContractSpecificPayloads [1 ms]
  Passed LLMGameCreator.Tests.Design.GeneratorPlanDraftArtifactProductionPipelineTests.ArtifactServiceSupportsCustomBatchAndMarkdownArtifactIds [25 ms]
  Passed LLMGameCreator.Tests.Design.GeneratorPlanDraftArtifactProductionPipelineTests.ProducerCreatesGenericPayloadForUnknownKind [< 1 ms]
  Passed LLMGameCreator.Tests.Design.GeneratorPlanDraftArtifactProductionPipelineTests.ValidatorReportsMissingSchemaVersionAsWarning [< 1 ms]
  Passed LLMGameCreator.Tests.Design.GeneratorPlanDraftArtifactProductionPipelineTests.ValidatorReportsBlockedArtifactWithoutRepairRequestAsWarning [< 1 ms]
  Passed LLMGameCreator.Tests.Design.GeneratorPlanDraftArtifactProductionPipelineTests.ProducerCreatesBlockedEnvelopeForBlockedItemWhenBlockedProductionDisabled [1 ms]
  Passed LLMGameCreator.Tests.Design.GeneratorPlanDraftArtifactProductionPipelineTests.ValidatorReportsDuplicateArtifactIdsAsError [< 1 ms]
  Passed LLMGameCreator.Tests.Design.GeneratorPlanDraftArtifactProductionPipelineTests.ProducerCreatesGameProfileDraftJson [< 1 ms]
  Passed LLMGameCreator.Tests.Design.GeneratorPlanDraftArtifactProductionPipelineTests.ValidatorAcceptsValidProductionBatch [< 1 ms]
  Passed LLMGameCreator.Tests.Design.GeneratorPlanDraftArtifactProductionPipelineTests.ArtifactServiceSavesBatchMarkdownAndProducedArtifacts [27 ms]
  Passed LLMGameCreator.Tests.Design.GeneratorPlanDraftArtifactProductionPipelineTests.ServiceProducesArtifactsFromQueueResult [< 1 ms]
  Passed LLMGameCreator.Tests.Design.GeneratorPlanDraftArtifactProductionPipelineTests.MarkdownRendererTruncatesLongJsonPreview [< 1 ms]
  Passed LLMGameCreator.Tests.Design.GeneratorPlanDraftArtifactProductionPipelineTests.ProducedJsonIsValidJson [< 1 ms]
  Passed LLMGameCreator.Tests.Design.GeneratorPlanDraftArtifactProductionPipelineTests.ArtifactServiceSkipsMarkdownWhenRenderingDisabled [21 ms]
  Passed LLMGameCreator.Tests.Design.GeneratorPlanDraftArtifactProductionPipelineTests.ServiceKeepsBlockedItemsBlocked [< 1 ms]
  Passed LLMGameCreator.Tests.Design.GeneratorPlanDraftArtifactProductionPipelineTests.ReaderWorksWhenMarkdownMissing [24 ms]
  Passed LLMGameCreator.Tests.Design.GeneratorPlanDraftArtifactProductionPipelineTests.ArtifactServiceSavesValidationResultsForBatchAndProducedArtifacts [39 ms]
  Passed LLMGameCreator.Tests.Application.CompositionDiagnosticsExportTests.ExportCreatesDirectoryMarkdownAndDeterministicIndex [77 ms]
  Passed LLMGameCreator.Tests.Application.CompositionDiagnosticsExportTests.IndexEntriesAreSortedByBlueprintId [19 ms]
  Passed LLMGameCreator.Tests.Application.CompositionDiagnosticsExportTests.BlueprintIdIsSanitizedAndCannotEscapeOutputDirectory [9 ms]
  Passed LLMGameCreator.Tests.Application.LuaModuleManifestRegistry.LuaModuleManifestPlannerTests.ScenarioSelectionsAreDeterministicAndMeaningfullyDifferent [59 ms]
  Passed LLMGameCreator.Tests.Application.LuaModuleManifestRegistry.LuaModuleManifestPlannerTests.DependencyOrderIsStableAndPlacesDependenciesBeforeDependents [24 ms]
  Passed LLMGameCreator.Tests.Design.GeneratorPlanReviewServiceTests.ReviewServiceAllowsApprovalWhenValidationHasNoErrors [8 ms]
  Passed LLMGameCreator.Tests.Design.GeneratorPlanReviewServiceTests.ReviewServiceRevalidatesSavedValidPlan [< 1 ms]
  Passed LLMGameCreator.Tests.Design.GeneratorPlanReviewServiceTests.ReviewServiceRejectActionSetsRejectedWithoutLlm [< 1 ms]
  Passed LLMGameCreator.Tests.Design.GeneratorPlanReviewServiceTests.ReviewServiceRejectsApprovalWhenPackageOperationsAreInvalid [4 ms]
  Passed LLMGameCreator.Tests.Design.GeneratorPlanReviewServiceTests.ReviewServiceArchiveActionSetsArchivedWithoutLlm [< 1 ms]
  Passed LLMGameCreator.Tests.Design.GeneratorPlanReviewServiceTests.ReviewServiceRejectsApprovalWhenDependencyOrderIsInvalid [< 1 ms]
  Passed LLMGameCreator.Tests.Design.GeneratorPlanReviewServiceTests.ReviewServiceRejectsApprovalWhenRequiredDependencyIsMissing [< 1 ms]
  Passed LLMGameCreator.Tests.Design.GeneratorPlanReviewServiceTests.ReviewServiceRejectsApprovalWhenRegistryModuleIsMissing [< 1 ms]
  Passed LLMGameCreator.Tests.Design.GeneratorPlanReviewServiceTests.RevalidationDoesNotExecuteLuaOrTouchPackageFiles [9 ms]
  Passed LLMGameCreator.Tests.Application.SchemaDrivenCampaignEditValidateApplyLoop.SchemaDrivenCampaignEditValidateApplyEvidenceTests.EvidenceIsDeterministicAcrossBuilds [111 ms]
  Passed LLMGameCreator.Tests.Application.SchemaDrivenCampaignEditValidateApplyLoop.SchemaDrivenCampaignEditValidateApplyEvidenceTests.EvidenceWriterCreatesEveryRequiredArtifact [91 ms]
  Passed LLMGameCreator.Tests.Application.MediaBoundPlayableReviewPackage.MediaBoundStagedMediaValidationTests.StagedFilesCopyGoal054BytesAndValidatePngWavStructure [50 ms]
  Passed LLMGameCreator.Tests.Application.GameplayConsequenceDepthMatrix.GameplayConsequenceDepthMatrixEvidenceTests.WriteAsyncEmitsRequiredDeterministicJsonArtifactsAndRowProofFiles [146 ms]
  Passed LLMGameCreator.Tests.Application.MediaAssetCampaignOrchestration.MediaAssetLicenseProvenanceTests.LicenseLedgerBlocksRiskySourcesAndAutoPromotesOnlyFixtures [131 ms]
  Passed LLMGameCreator.Tests.Application.ConstrainedSpatialDetailGeneration.ConstrainedSpatialDetailGenerationTests.UnityCommandPlanRequiresSpatialMarkersForEveryRow [293 ms]
  Passed LLMGameCreator.Tests.Application.ConstrainedSpatialDetailGeneration.ConstrainedSpatialDetailGenerationTests.SourceLoaderConsumesGoal061Goal060AndGoal059Evidence [13 ms]
  Passed LLMGameCreator.Tests.Application.ConstrainedSpatialDetailGeneration.ConstrainedSpatialDetailGenerationTests.BuildCreatesNineReachableRowsWithMeaningfulVariance [11 ms]
  Passed LLMGameCreator.Tests.Application.ConstrainedSpatialDetailGeneration.ConstrainedSpatialDetailGenerationTests.WriteAsyncEmitsRequiredArtifactsAndNineRowFiles [90 ms]
  Passed LLMGameCreator.Tests.Application.ConstrainedSpatialDetailGeneration.ConstrainedSpatialDetailGenerationTests.PaletteAndRuleCatalogsCoverRequiredFamilySemantics [1 ms]
  Passed LLMGameCreator.Tests.Application.ConstrainedSpatialDetailGeneration.ConstrainedSpatialDetailGenerationTests.InvalidMatrixCoversRequiredFakeLeakCases [11 ms]
  Passed LLMGameCreator.Tests.ProductSmoke.ExpandedContractBatchSmokeTests.ExpandedContractBatchSmoke [65 ms]
  Passed LLMGameCreator.Tests.RuntimeEquipmentTests.EquipFailureDoesNotMutate [7 ms]
  Passed LLMGameCreator.Tests.RuntimeEquipmentTests.EquipReplaceAndUnequipMoveItemsAtomically [3 ms]
  Passed LLMGameCreator.Tests.DevFlow.RunUnityProjectionVerificationScriptTests.RunUnityProjectionVerificationScriptExposesBatchmodeRunnerContract [< 1 ms]
  Passed LLMGameCreator.Tests.ProductSmoke.OneClickGeneratedPreviewWorkflowSmokeTests.OneClickGeneratedPreviewWorkflowProductSmoke [263 ms]
  Passed LLMGameCreator.Tests.Devflow.RunFeatureModuleAuthoringPersistenceAndCertificationScriptTests.Script_exposes_required_parameters_guards_and_transactional_rollback [< 1 ms]
  Passed LLMGameCreator.Tests.WinForms.CurrentGamePackageUiThreadDispatchTests.Goal148B_async_pages_dispatch_worker_events_and_observe_async_errors_on_UI_thread [417 ms]
  Passed LLMGameCreator.Tests.WinForms.CurrentGamePackageUiThreadDispatchTests.Goal148B_CurrentChanged_subscriber_inventory_has_only_named_dispatched_disposable_handlers [227 ms]
  Passed LLMGameCreator.Tests.WinForms.CurrentGamePackageUiThreadDispatchTests.Goal148B_real_New_Game_workspace_build_under_MainForm_is_GREEN_and_keeps_Games_selected [597 ms]
  Passed LLMGameCreator.Tests.WinForms.CurrentGamePackageUiThreadDispatchTests.Goal148B_MainForm_worker_CurrentChanged_updates_status_on_STA_without_navigation_change [39 ms]
  Passed LLMGameCreator.Tests.WinForms.CurrentGamePackageUiThreadDispatchTests.Goal148C_migrated_manual_values_build_under_MainForm_preserves_all_visible_and_activated_identity [382 ms]
  Passed LLMGameCreator.Tests.WinForms.CurrentGamePackageUiThreadDispatchTests.Goal148B_MainForm_disposal_race_drops_queued_CurrentChanged_callback [24 ms]
  Passed LLMGameCreator.Tests.ProductSmoke.EditDrivenGamePackageRuntimePreviewBridgeProductSmokeTests.Goal080ProjectedGamePackageReadsValidatesAndProjectsIntoRuntimePreview [60 ms]
  Passed LLMGameCreator.Tests.Application.DeterministicVisualRegionComposer.DeterministicVisualRegionComposerEvidenceTests.EvidenceBuildIsDeterministicAndKeepsGateExplicit [190 ms]
  Passed LLMGameCreator.Tests.Application.DeterministicVisualRegionComposer.DeterministicVisualRegionComposerEvidenceTests.EvidenceArtifactsAreWrittenAndInspectable [50 ms]
  Passed LLMGameCreator.Tests.ProductSmoke.GeneratedMapPlacementPreviewSmokeTests.GeneratedMapPlacementPreviewProductSmoke [15 ms]
  Passed LLMGameCreator.Tests.Application.EditDrivenReviewPackagePlayableSession.EditDrivenReviewPackagePlayableSessionQualityGateTests.QualityGateScansGoal078FilesAndAlphaBootstrapWithoutBloat [22 ms]
[xUnit.net 00:00:16.37]       goal105.quality_gate:passed=false
[xUnit.net 00:00:16.37]       goal116.manual_gate.human_accepted:humanAccepted=false
[xUnit.net 00:00:16.37]       goal116.manual_gate.quality_gate:passed=false
[xUnit.net 00:00:16.37]       Stack Trace:
[xUnit.net 00:00:16.37]         C:\Users\endim\LLMGameCreator\tests\LLMGameCreator.Tests\Application\VisualWorldStreamPreviewWorkspace\VisualWorldStreamPreviewWorkspaceGoal144Tests.cs(14,0): at LLMGameCreator.Tests.Application.VisualWorldStreamPreviewWorkspace.VisualWorldStreamPreviewWorkspaceGoal144Tests.RealWorkspaceKeepsHistoricalProofsGreen()
[xUnit.net 00:00:16.37]            at System.RuntimeMethodHandle.InvokeMethod(Object target, Void** arguments, Signature sig, Boolean isConstructor)
[xUnit.net 00:00:16.37]            at System.Reflection.MethodBaseInvoker.InvokeWithNoArgs(Object obj, BindingFlags invokeAttr)
  Passed LLMGameCreator.Tests.Application.EditDrivenReviewPackagePlayableSession.EditDrivenReviewPackagePlayableSessionQualityGateTests.QualityGateRejectsPlaySessionTabWithoutParentBindAndReportOnlySmoke [16 ms]
  Passed LLMGameCreator.Tests.Application.VisualWorldStreamPreviewWorkspace.VisualWorldStreamPreviewWorkspaceGoal144Tests.WinFormsGoal144SurfaceIsInteractiveInProcessOnly [< 1 ms]
  Failed LLMGameCreator.Tests.Application.VisualWorldStreamPreviewWorkspace.VisualWorldStreamPreviewWorkspaceGoal144Tests.RealWorkspaceKeepsHistoricalProofsGreen [592 ms]
  Error Message:
   goal105.quality_gate:passed=false
goal116.manual_gate.human_accepted:humanAccepted=false
goal116.manual_gate.quality_gate:passed=false
  Stack Trace:
     at LLMGameCreator.Tests.Application.VisualWorldStreamPreviewWorkspace.VisualWorldStreamPreviewWorkspaceGoal144Tests.RealWorkspaceKeepsHistoricalProofsGreen() in C:\Users\endim\LLMGameCreator\tests\LLMGameCreator.Tests\Application\VisualWorldStreamPreviewWorkspace\VisualWorldStreamPreviewWorkspaceGoal144Tests.cs:line 14
   at System.RuntimeMethodHandle.InvokeMethod(Object target, Void** arguments, Signature sig, Boolean isConstructor)
   at System.Reflection.MethodBaseInvoker.InvokeWithNoArgs(Object obj, BindingFlags invokeAttr)
  Passed LLMGameCreator.Tests.Application.VisualWorldStreamPreviewWorkspace.VisualWorldStreamPreviewWorkspaceGoal121Tests.Goal121InteractionDrilldownSurfacesInWorkspaceAndUiBinding [609 ms]
  Passed LLMGameCreator.Tests.Application.MediaBoundPlayableReviewPackage.MediaBoundSourceLoadingTests.Goal055SourceManifestLoadsGoal047Goal053AndGoal054Facts [8 ms]
  Passed LLMGameCreator.Tests.Application.VisualWorldStreamPreviewWorkspace.VisualWorldStreamPreviewWorkspaceGoal127Tests.Goal127UnityProjectionVerificationRunnerSurfacesInWorkspaceAndUiBinding [575 ms]
  Passed LLMGameCreator.Tests.ProjectLifecycleTests.ListAsync_ReturnsCreatedValidGame [14 ms]
  Passed LLMGameCreator.Tests.ProjectLifecycleTests.CreateAsync_RejectsPathTraversalAndExistingFolder [1 ms]
  Passed LLMGameCreator.Tests.ProjectLifecycleTests.ListAsync_ReturnsInvalidSummaryForCorruptedPackage [3 ms]
  Passed LLMGameCreator.Tests.ProjectLifecycleTests.CreateAsync_WritesLoadableAndValidPackageWithRequiredFolders [12 ms]
  Passed LLMGameCreator.Tests.ProjectLifecycleTests.CurrentGamePackageService_SaveAsync_PersistsCurrentPackage [22 ms]
  Passed LLMGameCreator.Tests.Application.LivingWorldNpcFactionSimulationMatrix.LivingWorldNpcFactionEvidenceWriteTests.WriteAsyncEmitsDeterministicArtifactsRowsAndStagingCommandPlan [163 ms]
  Passed LLMGameCreator.Tests.WinForms.CapabilityPickerPresenterTests.PresenterBuildsVariantOptions [14 ms]
  Passed LLMGameCreator.Tests.WinForms.CapabilityPickerPresenterTests.PageControlCanBeConstructedBeforeLayout [23 ms]
  Passed LLMGameCreator.Tests.WinForms.CapabilityPickerPresenterTests.PresenterMapsLatestSelection [2 ms]
  Passed LLMGameCreator.Tests.WinForms.CapabilityPickerPresenterTests.PresenterBuildsRequestFromSelections [1 ms]
  Passed LLMGameCreator.Tests.WinForms.CapabilityPickerPresenterTests.PresenterBuildsUsefulAtlasFallbackHelpForUnknownVisibleOption [< 1 ms]
  Passed LLMGameCreator.Tests.WinForms.CapabilityPickerPresenterTests.PresenterMapsDiagnostics [7 ms]
  Passed LLMGameCreator.Tests.ProductSmoke.DevelopmentComplexityStabilizationProductSmokeTests.DevelopmentComplexityStabilizationProductSmoke [6 s]
  Passed LLMGameCreator.Tests.Application.StrictLlmDraftArtifactLoop.StrictLlmDraftPromotionDecisionTests.InvalidCandidatesBecomeRepairRequiredOrRejected [36 ms]
  Passed LLMGameCreator.Tests.Application.StrictLlmDraftArtifactLoop.StrictLlmDraftPromotionDecisionTests.ValidQuarantinedCandidatesPromoteOnlyThroughPromotionEngine [3 ms]
  Passed LLMGameCreator.Tests.Application.CombatMagicAbilityBossEncounterMatrix.CombatMagicInvalidMatrixTests.InvalidFakeLeakMatrixCoversRequiredCases [357 ms]
  Passed LLMGameCreator.Tests.Application.RuntimePreview.GeneratedMicrogameChallengePreviewServiceTests.GeneratedMicrogameChallengeIsDeterministicAndLinkedToActiveGoal [16 ms]
  Passed LLMGameCreator.Tests.Application.RuntimePreview.GeneratedMicrogameChallengePreviewServiceTests.GeneratedMicrogameChallengeResolveShowsRewardAndCompletionEvidence [3 ms]
  Passed LLMGameCreator.Tests.Devflow.RunGoal148CProjectIdentityHotfixScriptTests.Goal148C_runner_has_exact_output_guard_transactional_backup_and_required_proofs [< 1 ms]
  Passed LLMGameCreator.Tests.Application.EditDrivenGamePackageRuntimePreviewPlaythrough.EditDrivenGamePackageRuntimePreviewPlaythroughServiceTests.NegativeProofRejectsAllRequiredGoal081Scenarios [28 ms]
  Passed LLMGameCreator.Tests.Application.EditDrivenGamePackageRuntimePreviewPlaythrough.EditDrivenGamePackageRuntimePreviewPlaythroughServiceTests.CommandScriptReplayAndCoverageAreDeterministic [47 ms]
  Passed LLMGameCreator.Tests.Application.EditDrivenGamePackageRuntimePreviewPlaythrough.EditDrivenGamePackageRuntimePreviewPlaythroughServiceTests.ServiceBuildsDiskBackedGoal081PlaythroughArtifacts [33 ms]
[xUnit.net 00:00:24.99]       Assert.True() Failure
[xUnit.net 00:00:24.99]       Expected: True
[xUnit.net 00:00:24.99]       Actual:   False
[xUnit.net 00:00:24.99]       Stack Trace:
[xUnit.net 00:00:24.99]         C:\Users\endim\LLMGameCreator\tests\LLMGameCreator.Tests\Application\VisualWorldStreamPreviewWorkspace\VisualWorldStreamPreviewWorkspaceGoal116Tests.cs(27,0): at LLMGameCreator.Tests.Application.VisualWorldStreamPreviewWorkspace.VisualWorldStreamPreviewWorkspaceGoal116Tests.Goal116ManualGateAcceptanceRecordSurfacesInWorkspaceAndUiBinding()
[xUnit.net 00:00:24.99]            at System.RuntimeMethodHandle.InvokeMethod(Object target, Void** arguments, Signature sig, Boolean isConstructor)
[xUnit.net 00:00:24.99]            at System.Reflection.MethodBaseInvoker.InvokeWithNoArgs(Object obj, BindingFlags invokeAttr)
  Passed LLMGameCreator.Tests.Application.WorldEventWeatherDayNightCrisisMatrix.WorldEventMatrixTests.BuildCreatesNineStateChangingEnvironmentalPressureRows [106 ms]
  Failed LLMGameCreator.Tests.Application.VisualWorldStreamPreviewWorkspace.VisualWorldStreamPreviewWorkspaceGoal116Tests.Goal116ManualGateAcceptanceRecordSurfacesInWorkspaceAndUiBinding [498 ms]
  Error Message:
   Assert.True() Failure
Expected: True
Actual:   False
  Stack Trace:
     at LLMGameCreator.Tests.Application.VisualWorldStreamPreviewWorkspace.VisualWorldStreamPreviewWorkspaceGoal116Tests.Goal116ManualGateAcceptanceRecordSurfacesInWorkspaceAndUiBinding() in C:\Users\endim\LLMGameCreator\tests\LLMGameCreator.Tests\Application\VisualWorldStreamPreviewWorkspace\VisualWorldStreamPreviewWorkspaceGoal116Tests.cs:line 27
   at System.RuntimeMethodHandle.InvokeMethod(Object target, Void** arguments, Signature sig, Boolean isConstructor)
   at System.Reflection.MethodBaseInvoker.InvokeWithNoArgs(Object obj, BindingFlags invokeAttr)
  Passed LLMGameCreator.Tests.ProductSmoke.GeneratedGameProfileContractSmokeTests.GeneratedGameProfileContractProductSmoke [96 ms]
  Passed LLMGameCreator.Tests.Design.GeneratorPlanDraftArtifactReviewServiceTests.ApplyDecisionsRequestsRepairAndExcludesFromApprovedSet [94 ms]
  Passed LLMGameCreator.Tests.Design.GeneratorPlanDraftArtifactReviewServiceTests.LoadLatestReturnsMissingWhenNoStagingArtifact [10 ms]
  Passed LLMGameCreator.Tests.Design.GeneratorPlanDraftArtifactReviewServiceTests.ApplyDecisionsPersistsDecisionReasonAndComment [52 ms]
  Passed LLMGameCreator.Tests.Design.GeneratorPlanDraftArtifactReviewServiceTests.ApproveAllValidPendingDoesNotApproveBlockedOrInvalidItems [53 ms]
  Passed LLMGameCreator.Tests.Design.GeneratorPlanDraftArtifactReviewServiceTests.CaptureReviewFromExampleCreatesPendingItems [36 ms]
  Passed LLMGameCreator.Tests.Design.GeneratorPlanDraftArtifactReviewServiceTests.ApplyDecisionsApprovesSelectedAndUpdatesApprovedArtifactSet [58 ms]
  Passed LLMGameCreator.Tests.Design.GeneratorPlanDraftArtifactReviewServiceTests.ApplyDecisionsRejectsSelectedAndExcludesFromApprovedSet [54 ms]
  Passed LLMGameCreator.Tests.Application.ProgrammaticNarrativeQuestDialogueEventMatrix.ProgrammaticNarrativeLedgerReplayAndUnityPlanTests.LedgersReplayVarianceAndUnityCommandPlanPassForEveryFamilySeedRow [136 ms]
  Passed LLMGameCreator.Tests.Scripting.PrototypeLuaStaticAnalyzerTests.AnalyzerRejectsForbiddenTokens(source: "require('x')", code: "lua.prototype.forbidden_loader") [1 ms]
  Passed LLMGameCreator.Tests.Scripting.PrototypeLuaStaticAnalyzerTests.AnalyzerRejectsForbiddenTokens(source: "debug.traceback()", code: "lua.prototype.forbidden_api") [< 1 ms]
  Passed LLMGameCreator.Tests.Scripting.PrototypeLuaStaticAnalyzerTests.AnalyzerRejectsForbiddenTokens(source: "load('return 1')", code: "lua.prototype.forbidden_loader") [< 1 ms]
  Passed LLMGameCreator.Tests.Scripting.PrototypeLuaStaticAnalyzerTests.AnalyzerRejectsForbiddenTokens(source: "package.path = 'x'", code: "lua.prototype.forbidden_package") [< 1 ms]
  Passed LLMGameCreator.Tests.Scripting.PrototypeLuaStaticAnalyzerTests.AnalyzerRejectsForbiddenTokens(source: "io.open('x')", code: "lua.prototype.forbidden_api") [< 1 ms]
  Passed LLMGameCreator.Tests.Scripting.PrototypeLuaStaticAnalyzerTests.AnalyzerRejectsForbiddenTokens(source: "math.random()", code: "lua.prototype.forbidden_random") [< 1 ms]
  Passed LLMGameCreator.Tests.Scripting.PrototypeLuaStaticAnalyzerTests.AnalyzerRejectsForbiddenTokens(source: "dofile('x.lua')", code: "lua.prototype.forbidden_loader") [< 1 ms]
  Passed LLMGameCreator.Tests.Scripting.PrototypeLuaStaticAnalyzerTests.AnalyzerRejectsForbiddenTokens(source: "os.execute('x')", code: "lua.prototype.forbidden_api") [< 1 ms]
  Passed LLMGameCreator.Tests.Scripting.PrototypeLuaStaticAnalyzerTests.AnalyzerRejectsForbiddenTokens(source: "loadfile('x.lua')", code: "lua.prototype.forbidden_loader") [< 1 ms]
  Passed LLMGameCreator.Tests.Scripting.PrototypeLuaStaticAnalyzerTests.AnalyzerAllowsNormalDataExtendAndIgnoresCommentsAndStrings [< 1 ms]
  Passed LLMGameCreator.Tests.Application.UnityArchiveFulfillmentStateTests.UnityArchiveFulfillmentStateMissingExpectedOutputsMarkedMissing [13 ms]
  Passed LLMGameCreator.Tests.Application.UnityArchiveFulfillmentStateTests.UnityArchiveFulfillmentStateUnsafePathIsDiagnosticError(unsafePath: "assets\\escaped.png") [28 ms]
  Passed LLMGameCreator.Tests.Application.UnityArchiveFulfillmentStateTests.UnityArchiveFulfillmentStateUnsafePathIsDiagnosticError(unsafePath: "C:/escaped.png") [< 1 ms]
  Passed LLMGameCreator.Tests.Application.UnityArchiveFulfillmentStateTests.UnityArchiveFulfillmentStateUnsafePathIsDiagnosticError(unsafePath: "../../escaped.png") [< 1 ms]
  Passed LLMGameCreator.Tests.Application.UnityArchiveFulfillmentStateTests.UnityArchiveFulfillmentStateUnsafePathIsDiagnosticError(unsafePath: "assets/generated/icon:escaped.png") [< 1 ms]
  Passed LLMGameCreator.Tests.Application.UnityArchiveFulfillmentStateTests.UnityArchiveFulfillmentStateDirectoryAtExpectedPathMarkedInvalid [2 ms]
  Passed LLMGameCreator.Tests.Application.UnityArchiveFulfillmentStateTests.UnityArchiveFulfillmentStateWrongExtensionMarkedInvalid [< 1 ms]
  Passed LLMGameCreator.Tests.Application.UnityArchiveFulfillmentStateTests.UnityArchiveFulfillmentStateManuallyCreatedFilesMarkedAvailable [14 ms]
  Passed LLMGameCreator.Tests.Application.UnityArchiveFulfillmentStateTests.UnityArchiveFulfillmentStateEmptyFileMarkedInvalid [2 ms]
  Passed LLMGameCreator.Tests.Application.UnityArchiveFulfillmentStateTests.UnityArchiveFulfillmentStateCreatesEmptyValidManifests [< 1 ms]
  Passed LLMGameCreator.Tests.Application.UnityArchiveFulfillmentStateTests.UnityArchiveFulfillmentStateDuplicateExpectedOutputPathIsDiagnosticError [4 ms]
  Passed LLMGameCreator.Tests.Application.UnityAlphaMultiFamilyPlayableLoop.UnityAlphaMultiFamilyCommandPlanTests.CommandPlanStagesGoal056MediaAndThreeFamilyLoopMarkers [117 ms]
  Passed LLMGameCreator.Tests.ProductSmoke.MinimumAssetPipelineSmokeTests.MinimumAssetPipelineProductSmoke [683 ms]
  Passed LLMGameCreator.Tests.Design.AtlasRegistryImportServiceTests.ImportAtlasRegistryReportsMissingRoot [4 ms]
  Passed LLMGameCreator.Tests.Design.AtlasRegistryImportServiceTests.ImportAtlasRegistryReportsUnknownReferenceAsWarning [31 ms]
  Passed LLMGameCreator.Tests.Design.AtlasRegistryImportServiceTests.ImportAtlasRegistryDetectsDuplicateIds [19 ms]
  Passed LLMGameCreator.Tests.Design.AtlasRegistryImportServiceTests.ImportAtlasRegistryImportsCompleteAtlasWithoutWarningsOrErrors [15 ms]
  Passed LLMGameCreator.Tests.Design.AtlasRegistryImportServiceTests.ImportAtlasRegistryReportsMissingKnownFilesAsWarnings [13 ms]
  Passed LLMGameCreator.Tests.Design.AtlasRegistryImportServiceTests.ImportAtlasRegistryReportsInvalidJsonAsError [9 ms]
  Passed LLMGameCreator.Tests.Design.AtlasRegistryImportServiceTests.ImportAtlasRegistryDiscoversExamples [8 ms]
  Passed LLMGameCreator.Tests.Application.DeterministicVisualMicrotileMaterializer.DeterministicVisualMicrotileMaterializerValidatorTests.DefaultMaterializationRequestPassesRequiredFixtureCoverage [15 ms]
  Passed LLMGameCreator.Tests.Application.DeterministicVisualMicrotileMaterializer.DeterministicVisualMicrotileMaterializerValidatorTests.NegativeProofRejectsUnsafeFakeAndMissingMaterializerCases [11 ms]
  Passed LLMGameCreator.Tests.Application.MediaAssetCampaignOrchestration.MediaAssetReviewPromotionTests.ReviewPromotionDecisionsAreDeterministicAndCausal [13 ms]
  Passed LLMGameCreator.Tests.ProductSmoke.EditDrivenPlayableReviewPackageMaterializationProductSmokeTests.Goal077EditDrivenPlayableReviewPackageMaterializationReadsDiskBackedPackage [138 ms]
  Passed LLMGameCreator.Tests.Devflow.RunFeatureModuleComposerScalabilityHotfixScriptTests.Script_has_bounded_paths_required_proofs_unity_reuse_and_transactional_rollback [< 1 ms]
  Passed LLMGameCreator.Tests.ProductSmoke.VisualChunkCacheUnityStreamingAssetsHandoffProductSmokeTests.Goal095BuildsReadsAndGuardsUnityStreamingAssetsHandoff [118 ms]
  Passed LLMGameCreator.Tests.Application.OfflineGeoworldWorldSourceGraph.OfflineGeoworldWorldSourceGraphTests.NegativeProofRejectsForbiddenGeoworldBoundaryScenarios [87 ms]
  Passed LLMGameCreator.Tests.Application.OfflineGeoworldWorldSourceGraph.OfflineGeoworldWorldSourceGraphTests.SyntheticBundleNormalizesIntoGameplaySafeTaxonomyAndGraph [< 1 ms]
  Passed LLMGameCreator.Tests.Application.UnityArchiveExportTests.DryRunCreatesExpectedDeterministicFilesAndMarkdown [87 ms]
  Passed LLMGameCreator.Tests.Application.UnityArchiveExportTests.FutureTargetIsBlockedAndMissingRequiredModuleIsReported [25 ms]
  Passed LLMGameCreator.Tests.Application.UnityArchiveExportTests.UnsafePlannedPathIsRejectedAndCannotEscapeOutputDirectory [13 ms]
  Passed LLMGameCreator.Tests.Application.CombatMagicAbilityBossEncounterMatrix.CombatMagicLedgersReplayAndUnityPlanTests.LedgersReplayVarianceAndUnityCommandPlanPassForEveryFamilySeedRow [39 ms]
  Passed LLMGameCreator.Tests.ProductSmoke.ContentLanguagePolicySmokeTests.ContentLanguagePolicyProductSmoke [24 ms]
  Passed LLMGameCreator.Tests.Application.CandidateSemanticCatalog.SemanticCatalogQualityAnalyzerTests.RelatedVsTransitiveHierarchyConflictProducesDiagnostic [15 ms]
  Passed LLMGameCreator.Tests.Application.CandidateSemanticCatalog.SemanticCatalogQualityAnalyzerTests.DiagnosticsAndMetricsOrderingIsStable [1 ms]
  Passed LLMGameCreator.Tests.Application.CandidateSemanticCatalog.SemanticCatalogQualityAnalyzerTests.LookupSmokeExpectationFailureProducesErrorAndAcceptedFalse [3 ms]
  Passed LLMGameCreator.Tests.Application.CandidateSemanticCatalog.SemanticCatalogQualityAnalyzerTests.LookupSmokeExpectationPassesUsingSemanticCatalogLookupIndex [< 1 ms]
  Passed LLMGameCreator.Tests.Application.CandidateSemanticCatalog.SemanticCatalogQualityAnalyzerTests.RelatedVsDirectBroaderConflictProducesDiagnostic [< 1 ms]
  Passed LLMGameCreator.Tests.Application.CandidateSemanticCatalog.SemanticCatalogQualityAnalyzerTests.OrphanConceptProducesDiagnostic [< 1 ms]
  Passed LLMGameCreator.Tests.Application.CandidateSemanticCatalog.SemanticCatalogQualityAnalyzerTests.AsymmetricRelatedIdsProducesDiagnostic [< 1 ms]
  Passed LLMGameCreator.Tests.Application.CandidateSemanticCatalog.SemanticCatalogQualityAnalyzerTests.MissingDescriptionAlternateLabelsTagsAndFacetsProduceWarnings [< 1 ms]
  Passed LLMGameCreator.Tests.Application.CandidateSemanticCatalog.SemanticCatalogQualityAnalyzerTests.MinimumConceptCountByKindProducesErrorAndAcceptedFalse [2 ms]
  Passed LLMGameCreator.Tests.Application.CandidateSemanticCatalog.SemanticCatalogQualityAnalyzerTests.RequiredKindMissingProducesErrorAndAcceptedFalse [< 1 ms]
  Passed LLMGameCreator.Tests.Application.CandidateSemanticCatalog.SemanticCatalogQualityAnalyzerTests.InvalidFacetSyntaxProducesDiagnostic [< 1 ms]
  Passed LLMGameCreator.Tests.Application.CandidateSemanticCatalog.SemanticCatalogQualityAnalyzerTests.AnalyzerHandlesMoreThanOneHundredGeneratedConcepts [1 ms]
  Passed LLMGameCreator.Tests.Application.CandidateSemanticCatalog.SemanticCatalogQualityAnalyzerTests.ValidCompactCatalogProducesDeterministicMetricsAndAcceptedReport [< 1 ms]
  Passed LLMGameCreator.Tests.Application.EditDrivenPlayablePreviewRefresh.EditDrivenPlayablePreviewRefreshServiceTests.ServiceConsumesGoal075EvidenceAndRows [179 ms]
  Passed LLMGameCreator.Tests.Application.EditDrivenPlayablePreviewRefresh.EditDrivenPlayablePreviewRefreshServiceTests.RefreshPlanTargetsAreDerivedFromChangedRows [70 ms]
  Passed LLMGameCreator.Tests.Application.EditDrivenPlayablePreviewRefresh.EditDrivenPlayablePreviewRefreshServiceTests.StateTransitionHashesProveBeforeAfterRollbackAndReplay [109 ms]
  Passed LLMGameCreator.Tests.ProductSmoke.UnityArchiveReviewHistorySmokeTests.UnityArchiveReviewHistoryProductSmoke [322 ms]
  Passed LLMGameCreator.Tests.Application.MediaMaterializationReviewPackage.MediaMaterializationQueueTests.MaterializationQueueIsDeterministicAndCoversPromotedBindings [110 ms]
  Passed LLMGameCreator.Tests.Application.VisualWorldStreamPreviewWorkspace.VisualWorldStreamPreviewWorkspaceGoal126Tests.Goal126GenericGamePackageFullPlaythroughSurfacesInWorkspaceAndUiBinding [700 ms]
  Passed LLMGameCreator.Tests.Application.OfflineGeoworldAlphaHumanResultRevalidation.OfflineGeoworldAlphaHumanResultRevalidationTests.ValidHumanResultIsGreenCandidateButStillRequiresHumanDecision [107 ms]
  Passed LLMGameCreator.Tests.Application.OfflineGeoworldAlphaHumanResultRevalidation.OfflineGeoworldAlphaHumanResultRevalidationTests.MalformedManualResultIsFailedInvalidResult [15 ms]
  Passed LLMGameCreator.Tests.Application.OfflineGeoworldAlphaHumanResultRevalidation.OfflineGeoworldAlphaHumanResultRevalidationTests.FileIndexesAndExpectedPathsNeverIncludeManualInput [14 ms]
  Passed LLMGameCreator.Tests.Application.OfflineGeoworldAlphaHumanResultRevalidation.OfflineGeoworldAlphaHumanResultRevalidationTests.DraftTemplateLikeManualResultIsBlockedIncomplete [17 ms]
  Passed LLMGameCreator.Tests.Application.OfflineGeoworldAlphaHumanResultRevalidation.OfflineGeoworldAlphaHumanResultRevalidationTests.MissingManualResultIsBlockedPendingManualResult [13 ms]
  Passed LLMGameCreator.Tests.Application.InterlockedGameplaySystemsDepthMatrix.InterlockedGameplaySystemsSourceLoadingTests.SourceLoaderConsumesGoal060ThroughGoal064EvidenceAndPreflightHandoff [9 ms]
  Passed LLMGameCreator.Tests.Application.SettlementConstructionDestructionProductionMatrix.SettlementConstructionReplayAndUnityPlanTests.SaveLoadReplayVarianceAndUnityCommandPlanPassForEveryFamilySeedRow [18 ms]
  Passed LLMGameCreator.Tests.ProductSmoke.SchemaDrivenCampaignAuthoringReviewWorkspaceProductSmokeTests.Goal074SchemaDrivenCampaignAuthoringReviewWorkspaceEvidenceIsProducedForReview [49 ms]
  Passed LLMGameCreator.Tests.Application.AcceptedAlphaUnityPlayableProjection.FeatureModuleAuthoringScriptProof.Run_goal147_featuremodule_authoring_proof_when_requested [1 ms]
  Passed LLMGameCreator.Tests.ProductSmoke.EditDrivenGamePackageRuntimePreviewPlaythroughProductSmokeTests.Goal081ReadsGoal080PackageBuildsReplayProofAndRejectsInvalidPlaythroughs [46 ms]
  Passed LLMGameCreator.Tests.ProductSmoke.RuntimeOwnedGoalProgressSmokeTests.RuntimeOwnedGoalProgressProductSmoke [35 ms]
  Passed LLMGameCreator.Tests.RuntimeHarvestTests.HarvestAppliesOutputsLootAndConsumesEquippedToolDurability [4 ms]
  Passed LLMGameCreator.Tests.RuntimeHarvestTests.HarvestMissingToolDoesNotMutate [< 1 ms]
  Passed LLMGameCreator.Tests.Runtime.Goal150BEquipmentZeroEvidenceRuntimeTests.Equipped_zero_metadata_is_observed_while_absent_metadata_invents_no_evidence [29 ms]
  Passed LLMGameCreator.Tests.ProductSmoke.ContentGenerationScaleSmokeTests.ContentGenerationScaleProductSmoke [161 ms]
  Passed LLMGameCreator.Tests.Application.ProductLineRuntimeVariantMatrix.ProductLineRuntimeVariantMaterializerTests.MaterializerAppliesStructuredRuntimeMutations [13 ms]
  Passed LLMGameCreator.Tests.Application.ProductLineRuntimeVariantMatrix.ProductLineRuntimeVariantMaterializerTests.Default_metadata_remains_byte_identical_and_goal146_context_is_truthful [1 ms]
  Passed LLMGameCreator.Tests.Application.UnityAlphaMediaBoundPlayablePackage.UnityAlphaMediaBoundSourceLoadingTests.Goal056ConsumesGoal055AndPreservesPriorGoalRefs [8 ms]
  Passed LLMGameCreator.Tests.ProductSmoke.MediaBoundPlayableReviewPackageProductSmokeTests.MediaBoundPlayableReviewPackageProductSmoke [27 ms]
  Passed LLMGameCreator.Tests.Application.ProgrammaticNarrativeQuestDialogueEventMatrix.ProgrammaticNarrativeEvidenceWriteTests.WriteAsyncEmitsDeterministicArtifactsRowsAndStagingCommandPlan [125 ms]
  Passed LLMGameCreator.Tests.ProductSmoke.GeneratedMicrogameLoopSmokeTests.GeneratedMicrogameLoopProductSmoke [39 ms]
  Passed LLMGameCreator.Tests.ProductSmoke.QuestDialogInteractionFamilySmokeTests.QuestDialogInteractionFamilyProductSmoke [76 ms]
  Passed LLMGameCreator.Tests.ProductSmoke.DeterministicVisualMicrotileMaterializerProductSmokeTests.Goal086DeterministicVisualMicrotileMaterializerProductSmoke [92 ms]
  Passed LLMGameCreator.Tests.ProductSmoke.ConnectedWorldTravelSmokeTests.ConnectedWorldTravelProductSmoke [93 ms]
  Passed LLMGameCreator.Tests.ProductSmoke.WorldScaleRegionMapFoundationProductSmokeTests.Goal038WorldScaleRegionMapFoundationProductSmoke [135 ms]
  Passed LLMGameCreator.Tests.Application.InterlockedGameplaySystemsDepthMatrix.InterlockedGameplayEvidenceWriteTests.WriteAsyncEmitsDeterministicArtifactsRowsAndStagingCommandPlan [98 ms]
  Passed LLMGameCreator.Tests.Design.GamePackagePatchServiceTests.ApplySavesPackageOnlyWhenDryRunAndPostValidationPass [46 ms]
  Passed LLMGameCreator.Tests.Design.GamePackagePatchServiceTests.DryRunRejectsMapStartPositionOutsideBounds [1 ms]
  Passed LLMGameCreator.Tests.Design.GamePackagePatchServiceTests.CreatePatchArtifactFromPreviewRejectsPreviewWithoutPackageOperations [2 ms]
  Passed LLMGameCreator.Tests.Design.GamePackagePatchServiceTests.DryRunAddRecipeProducesReadableDiffAndDoesNotMutateCurrentPackage [9 ms]
  Passed LLMGameCreator.Tests.Design.GamePackagePatchServiceTests.CreatePatchArtifactFromPreviewExtractsExplicitPackageOperations [3 ms]
  Passed LLMGameCreator.Tests.Design.GamePackagePatchServiceTests.DryRunUpdateTilePrototypeProducesUpdateDiffAndDoesNotMutateCurrentPackage [1 ms]
  Passed LLMGameCreator.Tests.Design.GamePackagePatchServiceTests.ApplyCreatesRollbackSnapshotBeforeSave [6 ms]
  Passed LLMGameCreator.Tests.Design.GamePackagePatchServiceTests.DryRunAddTilePrototypeProducesAddDiffAndDoesNotMutateCurrentPackage [1 ms]
  Passed LLMGameCreator.Tests.Design.GamePackagePatchServiceTests.CreatePatchArtifactFromPreviewRejectsNonPreviewArtifact [< 1 ms]
  Passed LLMGameCreator.Tests.Design.GamePackagePatchServiceTests.ApplyDoesNotCallLlm [6 ms]
  Passed LLMGameCreator.Tests.Design.GamePackagePatchServiceTests.ApplyDoesNotExecuteGeneratorModules [7 ms]
  Passed LLMGameCreator.Tests.Design.GamePackagePatchServiceTests.ApplyDoesNotExecuteLua [9 ms]
  Passed LLMGameCreator.Tests.Design.GamePackagePatchServiceTests.PatchParserRejectsDeleteOperation [< 1 ms]
  Passed LLMGameCreator.Tests.Design.GamePackagePatchServiceTests.PatchParserAcceptsValidGamePackagePatchV1 [< 1 ms]
  Passed LLMGameCreator.Tests.Design.GamePackagePatchServiceTests.ApplyDoesNotWriteFilesOutsidePackageJsonAndBackups [6 ms]
  Passed LLMGameCreator.Tests.Design.GamePackagePatchServiceTests.DryRunRejectsManifestStartMapIdThatDoesNotExistAfterPatch [1 ms]
  Passed LLMGameCreator.Tests.Design.GamePackagePatchServiceTests.DryRunAddMapAllowsDefaultTileFromEarlierPatchOperation [1 ms]
  Passed LLMGameCreator.Tests.Design.GamePackagePatchServiceTests.ApplyRestoresInMemoryPackageIfPostValidationFails [4 ms]
  Passed LLMGameCreator.Tests.Design.GamePackagePatchServiceTests.PatchParserRejectsDuplicateOperationTarget [< 1 ms]
  Passed LLMGameCreator.Tests.Design.GamePackagePatchServiceTests.PatchParserRejectsUnknownOperationType [< 1 ms]
  Passed LLMGameCreator.Tests.Design.GamePackagePatchServiceTests.ApplyCreatesAuditArtifactAndResultRows [5 ms]
  Passed LLMGameCreator.Tests.Application.AcceptedAlphaUnityPlayableProjection.ProductLineRuntimeVariantMatrixScriptProof.WritesGoal142RuntimeSignificantVariantMatrixArtifacts [173 ms]
  Passed LLMGameCreator.Tests.Application.GeoworldSourceAdapterStreamingContract.GeoworldSourceAdapterStreamingContractValidatorTests.ValidFixturesPassAndStayMetadataOnly [24 ms]
  Passed LLMGameCreator.Tests.Application.GeoworldSourceAdapterStreamingContract.GeoworldSourceAdapterStreamingContractValidatorTests.NormalizedTaxonomyAndBoundaryPrefetchContractArePresent [17 ms]
  Passed LLMGameCreator.Tests.Application.GeoworldSourceAdapterStreamingContract.GeoworldSourceAdapterStreamingContractValidatorTests.NoLiveAdapterPerformsNetworkIo [3 ms]
  Passed LLMGameCreator.Tests.Application.GeoworldSourceAdapterStreamingContract.GeoworldSourceAdapterStreamingContractValidatorTests.NegativeMatrixRejectsAllForbiddenCases [9 ms]
  Passed LLMGameCreator.Tests.DevFlow.RunCanonicalRuntimeUnityPlayerLoopPlaybackScriptTests.RunCanonicalRuntimeUnityPlayerLoopPlaybackScriptExposesGoal137Contract [< 1 ms]
  Passed LLMGameCreator.Tests.Application.MediaAssetCampaignOrchestration.MediaAssetRequestQueueTests.RequestQueueCoversThreeFamiliesRequiredKindsAndCompactedMetamoduleStress [5 ms]
  Passed LLMGameCreator.Tests.Application.UnityAlphaInteractiveCampaignPlayer.UnityAlphaInteractiveCampaignEvidenceWriteTests.WriteAsyncEmitsRequiredDeterministicArtifactsAndStagingCommandPlan [180 ms]
  Passed LLMGameCreator.Tests.Design.AtlasRegistryPreviewServiceTests.PreviewAsyncReturnsMarkdownByDefault [22 ms]
  Passed LLMGameCreator.Tests.Design.AtlasRegistryPreviewServiceTests.PreviewAsyncSupportsExplicitOutputRoot [25 ms]
  Passed LLMGameCreator.Tests.Design.AtlasRegistryPreviewServiceTests.PreviewAsyncRequiresRootInput [< 1 ms]
  Passed LLMGameCreator.Tests.Design.AtlasRegistryPreviewServiceTests.PreviewAsyncCanSkipMarkdownRendering [8 ms]
  Passed LLMGameCreator.Tests.Design.AtlasRegistryPreviewServiceTests.PreviewAsyncWritesReportFilesWhenRequested [24 ms]
  Passed LLMGameCreator.Tests.Design.AtlasRegistryPreviewServiceTests.PreviewAsyncDoesNotWriteFilesUnlessRequested [17 ms]
  Passed LLMGameCreator.Tests.WinForms.UnityArchiveReviewPresenterTests.SelectedSnapshotDetailStillUpdatesAfterRefresh [57 ms]
  Passed LLMGameCreator.Tests.WinForms.UnityArchiveReviewPresenterTests.PresenterLoadsSelectedHistorySnapshotJson [7 ms]
  Passed LLMGameCreator.Tests.WinForms.UnityArchiveReviewPresenterTests.RunManualImportUsesExistingServiceAndRefreshesReports [170 ms]
  Passed LLMGameCreator.Tests.WinForms.UnityArchiveReviewPresenterTests.PresenterReportsIndividuallyMissingFiles [2 ms]
  Passed LLMGameCreator.Tests.WinForms.UnityArchiveReviewPresenterTests.PresenterReportsMissingArchive [< 1 ms]
  Passed LLMGameCreator.Tests.WinForms.UnityArchiveReviewPresenterTests.CompositionRootRegistersArchiveReviewPage [258 ms]
  Passed LLMGameCreator.Tests.WinForms.UnityArchiveReviewPresenterTests.UserControlCanBeConstructedWithoutRuntimeServices [3 ms]
  Passed LLMGameCreator.Tests.WinForms.UnityArchiveReviewPresenterTests.UnityArchiveReviewPresenterOpenManualImportFolderReturnsReadyStatus [2 ms]
  Passed LLMGameCreator.Tests.WinForms.UnityArchiveReviewPresenterTests.PageExposesManualImportControls [6 ms]
  Passed LLMGameCreator.Tests.WinForms.UnityArchiveReviewPresenterTests.PresenterHandlesInvalidJsonWithoutThrowing [9 ms]
  Passed LLMGameCreator.Tests.WinForms.UnityArchiveReviewPresenterTests.SlotFilterShowsMissingAvailableInvalid [14 ms]
  Passed LLMGameCreator.Tests.WinForms.UnityArchiveReviewPresenterTests.RunManualImportMissingManifestReportsStatus [24 ms]
  Passed LLMGameCreator.Tests.WinForms.UnityArchiveReviewPresenterTests.PresenterReadsExistingReviewHistoryAndComparisonReports [5 ms]
  Passed LLMGameCreator.Tests.WinForms.UnityArchiveReviewPresenterTests.PresenterListsManualImportSlotsFromArchiveMetadata [12 ms]
  Passed LLMGameCreator.Tests.WinForms.UnityArchiveReviewPresenterTests.PresenterReportsMissingSlotMetadataWithoutThrowing [1 ms]
  Passed LLMGameCreator.Tests.WinForms.UnityArchiveReviewPresenterTests.PresenterDisplaysManualImportReportsWhenPresent [6 ms]
  Passed LLMGameCreator.Tests.WinForms.UnityArchiveReviewPresenterTests.PresenterReportsMissingSelectedHistorySnapshotWithoutThrowing [6 ms]
  Passed LLMGameCreator.Tests.WinForms.UnityArchiveReviewPresenterTests.PresenterInitializesWithoutProject [< 1 ms]
  Passed LLMGameCreator.Tests.Application.GameplayConsequenceDepthMatrix.GameplayConsequenceDepthMatrixUnityProofTests.UnityCommandPlanRequiresGoal063MarkersForAllRowsStepsAndDeltas [10 ms]
  Passed LLMGameCreator.Tests.Application.MultiFamilyGeneratedTemplateVerticalSlice.MultiFamilyLifecycleBuilderTests.LifecyclePlansUseSharedPhasesAndGoal037To040Refs [493 ms]
  Passed LLMGameCreator.Tests.Runtime.RuntimeBackedPlayerCommandRoundtripServiceTests.ExecutesGoal140ControlsThroughRuntimeBackedRoundtripBridge [38 ms]
  Passed LLMGameCreator.Tests.Application.CombatMagicAbilityBossEncounterMatrix.CombatMagicSourceLoadingTests.SourceLoaderConsumesGoal060ThroughGoal067EvidenceAndPreflightHandoff [24 ms]
  Passed LLMGameCreator.Tests.Application.AcceptedAlphaUnityPlayableProjection.FeatureModuleCompositionScriptProof.Run_goal146_application_matrix_when_requested_by_normal_script [< 1 ms]
  Passed LLMGameCreator.Tests.Devflow.ProductSmokeScenarioManifestTests.ScenarioManifestValidatorRejectsMissingFilterAndProductVerticalModuleOnlyConflict [2 ms]
  Passed LLMGameCreator.Tests.Devflow.ProductSmokeScenarioManifestTests.ProductSmokeRunnerUsesManifestFirstAndKeepsFallbackRoutes [< 1 ms]
  Passed LLMGameCreator.Tests.Devflow.ProductSmokeScenarioManifestTests.ProductSmokeScenarioManifestsParseAndValidate [2 ms]
  Passed LLMGameCreator.Tests.Application.InterlockedGameplaySystemsDepthMatrix.InterlockedGameplaySystemsDepthMatrixTests.BuildCreatesNineStateChangingEconomyCraftingCombatProgressionStatusRows [25 ms]
  Passed LLMGameCreator.Tests.WinForms.StrictLlmArtifactsPresenterTests.PresenterAppliesBaselineAndFullBatchPresetsInContractListOrder [5 ms]
  Passed LLMGameCreator.Tests.WinForms.StrictLlmArtifactsPresenterTests.PresenterShowsMissingSelectionMessage [< 1 ms]
  Passed LLMGameCreator.Tests.WinForms.StrictLlmArtifactsPresenterTests.PresenterBuildsProfileAndContractOptions [1 ms]
  Passed LLMGameCreator.Tests.WinForms.StrictLlmArtifactsPresenterTests.PresenterMapsGenerationResult [11 ms]
  Passed LLMGameCreator.Tests.WinForms.StrictLlmArtifactsPresenterTests.PresenterBuildsRequest [< 1 ms]
  Passed LLMGameCreator.Tests.WinForms.StrictLlmArtifactsPresenterTests.UnknownBatchPresetPreservesCurrentContractSelection [< 1 ms]
  Passed LLMGameCreator.Tests.WinForms.StrictLlmArtifactsPresenterTests.PreviewPromptShownWithoutGenerationResult [< 1 ms]
  Passed LLMGameCreator.Tests.Design.AtlasRegistryPreviewArtifactServiceTests.CaptureAsyncDoesNotMapInfoDiagnosticsToValidationResults [44 ms]
  Passed LLMGameCreator.Tests.Design.AtlasRegistryPreviewArtifactServiceTests.CaptureAsyncWritesReportFilesWhenRequested [33 ms]
  Passed LLMGameCreator.Tests.Design.AtlasRegistryPreviewArtifactServiceTests.CaptureAsyncCanUseCustomArtifactIds [29 ms]
  Passed LLMGameCreator.Tests.Design.AtlasRegistryPreviewArtifactServiceTests.CaptureAsyncSavesPreviewAndMarkdownArtifacts [35 ms]
  Passed LLMGameCreator.Tests.Design.AtlasRegistryPreviewArtifactServiceTests.CaptureAsyncSavesInvalidStateWhenAtlasHasErrors [34 ms]
  Passed LLMGameCreator.Tests.Design.AtlasRegistryPreviewArtifactServiceTests.CaptureAsyncSkipsMarkdownArtifactWhenMarkdownRenderingIsDisabled [23 ms]
  Passed LLMGameCreator.Tests.Design.AtlasRegistryPreviewArtifactServiceTests.CaptureAsyncIsIdempotentForSameArtifactIds [54 ms]
  Passed LLMGameCreator.Tests.Design.AtlasRegistryPreviewArtifactServiceTests.CaptureAsyncDoesNotWriteReportFilesUnlessRequested [26 ms]
  Passed LLMGameCreator.Tests.Design.AtlasRegistryPreviewArtifactServiceTests.CaptureAsyncMapsAtlasDiagnosticsToValidationResults [37 ms]
  Passed LLMGameCreator.Tests.Application.FullCampaignGamePackageMaterialization.FullCampaignGamePackageMaterializationTests.InvalidMatrixCoversRequiredFakeLeakCasesWithStableDiagnostics [299 ms]
  Passed LLMGameCreator.Tests.Application.FullCampaignGamePackageMaterialization.FullCampaignGamePackageMaterializationTests.SourceLoaderConsumesAcceptedGoal059MatrixInDeterministicFamilySeedOrder [4 ms]
  Passed LLMGameCreator.Tests.Application.FullCampaignGamePackageMaterialization.FullCampaignGamePackageMaterializationTests.BuildMaterializesNineValidatorCleanPackagesAndRuntimeConsumptionRows [37 ms]
  Passed LLMGameCreator.Tests.Application.FullCampaignGamePackageMaterialization.FullCampaignGamePackageMaterializationTests.UnityCommandPlanRequiresPackageConsumptionMarkersForEveryMaterializedRow [34 ms]
  Passed LLMGameCreator.Tests.Application.FullCampaignGamePackageMaterialization.FullCampaignGamePackageMaterializationTests.WriteAsyncEmitsRequiredEvidenceAndPhysicalPackageFiles [130 ms]
  Passed LLMGameCreator.Tests.Application.Procedural.GeneratedPackageMvpServiceTests.PackageContainsDeterministicMetadataAndMappedGameplayRecords [5 ms]
  Passed LLMGameCreator.Tests.Application.Procedural.GeneratedPackageMvpServiceTests.MissingInputsProduceDiagnosticsInsteadOfUnhandledExceptions [1 ms]
  Passed LLMGameCreator.Tests.Application.Procedural.GeneratedPackageMvpServiceTests.RuntimeBootstrapAndValidationEvidenceAreDeterministic [3 ms]
  Passed LLMGameCreator.Tests.Application.Procedural.GeneratedPackageMvpServiceTests.SamePipelineInputProducesByteIdenticalPackageAndReports [18 ms]
  Passed LLMGameCreator.Tests.Application.ChunkedRuntimePreviewExportSmoke.ChunkedRuntimeExportManifestTests.ExportManifestIsStableAndReferencesScenarioPayloads [99 ms]
  Passed LLMGameCreator.Tests.Application.MediaMaterializationReviewPackage.MediaMaterializationInvalidMatrixTests.InvalidFakeLeakMatrixCoversRequiredGoal054Risks [10 ms]
  Passed LLMGameCreator.Tests.Application.MultiFamilyGeneratedTemplateVerticalSlice.FamilySimulatableLoopRunnerTests.ThreeFamilyLoopProofsHaveStateTransitionsBlockedInvalidActionsAndReplayHashes [226 ms]
  Passed LLMGameCreator.Tests.Application.FullMediaBoundGeneratorCampaign.FullMediaBoundGeneratorCampaignInvalidMatrixTests.InvalidMatrixCoversRequiredFakeLeakScenariosWithCausalDiagnostics [92 ms]
  Passed LLMGameCreator.Tests.RuntimeUnifiedBridgeTests.UnifiedStart_CreatesMapAndGameplayState [1 ms]
  Passed LLMGameCreator.Tests.RuntimeUnifiedBridgeTests.UseItem_AppliesResourceStatusFlagAndNonConsumableIsKept [2 ms]
  Passed LLMGameCreator.Tests.RuntimeUnifiedBridgeTests.InteractCommand_CanTriggerInteractionRouteFromMapComponent [< 1 ms]
  Passed LLMGameCreator.Tests.RuntimeUnifiedBridgeTests.Interaction_AppliesEffectsAndUnknownFailsCleanly [< 1 ms]
  Passed LLMGameCreator.Tests.RuntimeUnifiedBridgeTests.Runtime_DoesNotMutateGamePackageDefinitions [5 ms]
  Passed LLMGameCreator.Tests.RuntimeUnifiedBridgeTests.UnifiedWait_TicksGameplayRuntime [1 ms]
  Passed LLMGameCreator.Tests.RuntimeUnifiedBridgeTests.UnifiedGameplayCommand_RoutesThroughGameplayRuntimeAndKeepsMapState [< 1 ms]
  Passed LLMGameCreator.Tests.RuntimeUnifiedBridgeTests.UnifiedMove_RoutesThroughLegacyRuntimeAndKeepsGameplayState [< 1 ms]
  Passed LLMGameCreator.Tests.RuntimeUnifiedBridgeTests.UseItem_FailsWithoutItemAndDoesNotMutate [< 1 ms]
  Passed LLMGameCreator.Tests.RuntimeUnifiedBridgeTests.UseItem_ConditionsFailWithoutMutation [2 ms]
  Passed LLMGameCreator.Tests.RuntimeUnifiedBridgeTests.RuntimeStateSerializer_RoundtripsStateAndUnifiedSessionWithoutPackageDefinitions [3 ms]
  Passed LLMGameCreator.Tests.ProductSmoke.HybridDraftLuaExpansionProductSmokeTests.Goal037HybridDraftLuaExpansionProductSmoke [112 ms]
  Passed LLMGameCreator.Tests.Application.GameplayConsequenceDepthMatrix.GameplayConsequenceDepthMatrixReplayTests.SaveLoadRoundtripAndSameSeedReplayPassForEveryRow [13 ms]
  Passed LLMGameCreator.Tests.Application.AcceptedAlphaUnityPlayableProjection.GamePackageCandidateFactoryProjectionServiceTests.Goal130GamePackageCandidateFactorySurfacesGeneratedMatrixArtifacts [46 ms]
  Passed LLMGameCreator.Tests.ProductSmoke.GameBlueprintCapabilityCompatibilitySmokeTests.GameBlueprintCapabilityCompatibilityProductSmoke [4 ms]
  Passed LLMGameCreator.Tests.ProductSmoke.ParameterizedVisualWorldProfilesProductSmokeTests.Goal090ParameterizedVisualWorldProfilesProductSmoke [126 ms]
  Passed LLMGameCreator.Tests.Application.EditDrivenReviewPackagePlayableSession.EditDrivenReviewPackagePlayableSessionWinFormsBindingTests.WorkspaceActivationBindsGoal078PlaySessionControl [339 ms]
  Passed LLMGameCreator.Tests.Application.EditDrivenReviewPackagePlayableSession.EditDrivenReviewPackagePlayableSessionWinFormsBindingTests.WinFormsBindingInventoryFindsGoal078ControlAndParentActivation [24 ms]
  Passed LLMGameCreator.Tests.Application.EditDrivenPlayablePreviewRefresh.EditDrivenPlayablePreviewRefreshWinFormsBindingTests.WinFormsBindingInventoryFindsGoal076ControlAndParentActivation [68 ms]
  Passed LLMGameCreator.Tests.Application.EditDrivenPlayablePreviewRefresh.EditDrivenPlayablePreviewRefreshWinFormsBindingTests.WorkspaceActivationBindsGoal076PlayableRefreshControl [375 ms]
  Passed LLMGameCreator.Tests.Application.EditDrivenPlayablePreviewRefresh.EditDrivenPlayablePreviewRefreshWinFormsBindingTests.BindingInventoryRejectsRefreshTabWithoutParentBind [28 ms]
  Passed LLMGameCreator.Tests.Application.CapabilityDrivenRuntimePlaythrough.CapabilityDrivenRuntimePlaythroughGoal149Tests.Goal149_planner_preserves_disabled_order_and_adds_equipment_without_combination_branches [80 ms]
  Passed LLMGameCreator.Tests.Application.CapabilityDrivenRuntimePlaythrough.CapabilityDrivenRuntimePlaythroughGoal149Tests.Goal149_accepted_workspace_preserves_disabled_hashes_and_builds_enabled_equipment_slice [339 ms]
  Passed LLMGameCreator.Tests.Application.CapabilityDrivenRuntimePlaythrough.CapabilityDrivenRuntimePlaythroughGoal149Tests.Goal149_equipment_materialization_qualifies_checkpoint_replay_and_combat_bonus [27 ms]
  Passed LLMGameCreator.Tests.Application.CapabilityDrivenRuntimePlaythrough.CapabilityDrivenRuntimePlaythroughGoal149Tests.Goal149_additive_catalog_drift_keeps_legacy_selection_current_and_refreshes_on_save [5 ms]
  Passed LLMGameCreator.Tests.Application.CapabilityDrivenRuntimePlaythrough.CapabilityDrivenRuntimePlaythroughGoal149Tests.CapabilityDrivenRuntimePlaythrough_rejects_duplicate_cycle_unknown_targets_and_equipment_tamper [11 ms]
  Passed LLMGameCreator.Tests.Application.CapabilityDrivenRuntimePlaythrough.CapabilityDrivenRuntimePlaythroughGoal149Tests.CapabilityDrivenRuntimePlaythrough_equipment_without_combat_and_combat_without_equipment_are_independent [5 ms]
  Passed LLMGameCreator.Tests.Application.Procedural.FormulaEffectActionRegistryServiceTests.GeneratedRuleReferencesPointToKnownRulesAndSourcePlanIds [5 ms]
  Passed LLMGameCreator.Tests.Application.Procedural.FormulaEffectActionRegistryServiceTests.ValidatorRejectsDuplicateUnsafeIdsInvalidFormulaAndMissingRefs [2 ms]
  Passed LLMGameCreator.Tests.Application.Procedural.FormulaEffectActionRegistryServiceTests.MissingSourcePlanRefsProduceDiagnosticsInsteadOfThrowing [1 ms]
  Passed LLMGameCreator.Tests.Application.Procedural.FormulaEffectActionRegistryServiceTests.SameGeneratedPlanProducesByteIdenticalRulePackAndValidationReport [1 ms]
  Passed LLMGameCreator.Tests.Application.ProgrammaticNarrativeQuestDialogueEventMatrix.ProgrammaticNarrativeSourceLoadingTests.SourceLoaderConsumesGoal060ThroughGoal066EvidenceAndPreflightHandoff [22 ms]
  Passed LLMGameCreator.Tests.Application.VisualPartPackRuleStack.VisualPartPackRuleStackValidatorTests.DefaultRuleStackManifestPassesRequiredFixtureCoverage [37 ms]
  Passed LLMGameCreator.Tests.Application.VisualPartPackRuleStack.VisualPartPackRuleStackValidatorTests.NegativeProofRejectsUnsafeFakeAndMissingRuleStackCases [10 ms]
  Passed LLMGameCreator.Tests.ProductSmoke.ChunkedRuntimePreviewExportSmokeProductSmokeTests.ChunkedRuntimePreviewExportSmokeProductSmoke [19 ms]
  Passed LLMGameCreator.Tests.Application.FullGeneratorVariabilityRegressionMatrix.FullGeneratorVariabilityRegressionMatrixInvalidMatrixTests.InvalidMatrixCoversRequiredFakeLeakAndBoundaryScenariosWithCausalDiagnostics [7 ms]
  Passed LLMGameCreator.Tests.Application.EditDrivenGamePackageRuntimePreviewBridge.EditDrivenGamePackageRuntimePreviewBridgeQualityGateTests.WorkspaceActivationBindsGoal080RuntimePreviewBridgeControl [335 ms]
  Passed LLMGameCreator.Tests.Application.EditDrivenGamePackageRuntimePreviewBridge.EditDrivenGamePackageRuntimePreviewBridgeQualityGateTests.QualityGateScansGoal080FilesAndRejectsRawSourceShapes [22 ms]
  Passed LLMGameCreator.Tests.Application.EditDrivenGamePackageRuntimePreviewBridge.EditDrivenGamePackageRuntimePreviewBridgeQualityGateTests.WinFormsBindingInventoryFindsGoal080ControlAndParentActivation [22 ms]
  Passed LLMGameCreator.Tests.DevFlow.RunProductLineRuntimeVariantMatrixScriptTests.RunProductLineRuntimeVariantMatrixScriptExposesGoal142Contract [< 1 ms]
  Passed LLMGameCreator.Tests.Application.RuntimePreview.VisibleGeneratedPlayablePreviewServiceTests.ProjectionContainsGeneratedPackageContentAndRuntimeCommandEvidence [4 ms]
  Passed LLMGameCreator.Tests.Application.RuntimePreview.VisibleGeneratedPlayablePreviewServiceTests.SamePipelineInputProducesByteIdenticalPreviewOutputs [4 ms]
  Passed LLMGameCreator.Tests.Application.RuntimePreview.VisibleGeneratedPlayablePreviewServiceTests.MissingRuntimeAdapterProducesExplicitDeterministicBlocker [4 ms]
  Passed LLMGameCreator.Tests.Application.WorldScaleRegionMapFoundation.WorldScaleReachabilityPlannerTests.RequiredTargetsAreReachableWithStableCosts [1 ms]
  Passed LLMGameCreator.Tests.Application.WorldScaleRegionMapFoundation.WorldScaleReachabilityPlannerTests.PlannerReportsUnreachableRequiredTargetsAndBlockedCriticalEdges [< 1 ms]
  Passed LLMGameCreator.Tests.Application.GeneratorSpineQualityConsolidation.GeneratorSpineQualityRepositoryTests.QualityDashboardContainsSeverityCountsAndRecommendedNextActions [4 s]
  Passed LLMGameCreator.Tests.Application.GeneratorSpineQualityConsolidation.GeneratorSpineQualityRepositoryTests.EvidenceWriterProducesRequiredFiles [1 s]
  Passed LLMGameCreator.Tests.Application.GeneratorSpineQualityConsolidation.GeneratorSpineQualityRepositoryTests.Goal071ProofIndicatorsAreRecognized [1 s]
  Passed LLMGameCreator.Tests.Application.UnityAlphaInteractiveCampaignPlayer.UnityAlphaInteractiveCampaignUnityPlanTests.UnityCommandPlanContainsRequiredInteractiveMarkers [18 ms]
[xUnit.net 00:00:43.49]       Assert.Equal() Failure: Strings differ
[xUnit.net 00:00:43.49]                  ↓ (pos 0)
[xUnit.net 00:00:43.49]       Expected: "GREEN"
[xUnit.net 00:00:43.49]       Actual:   "BLOCKED"
[xUnit.net 00:00:43.49]                  ↑ (pos 0)
[xUnit.net 00:00:43.49]       Stack Trace:
[xUnit.net 00:00:43.49]         C:\Users\endim\LLMGameCreator\tests\LLMGameCreator.Tests\ProductSmoke\OfflineGeoworldAlphaPostAcceptanceContinuationSelectionProductSmokeTests.cs(16,0): at LLMGameCreator.Tests.ProductSmoke.OfflineGeoworldAlphaPostAcceptanceContinuationSelectionProductSmokeTests.ProductSmokeWritesContinuationArtifactsAndWorkspaceSurface()
[xUnit.net 00:00:43.49]         --- End of stack trace from previous location ---
  Passed LLMGameCreator.Tests.Devflow.RunGoal150AParameterizedRuntimeContractSynchronizationHotfixScriptTests.Goal150A_runner_is_bounded_transactional_and_requires_green_unaccepted_artifacts [< 1 ms]
  Passed LLMGameCreator.Tests.Application.LuaSandboxExecutionGate.LuaSandboxHostBindingTests.HostBindingMatrixDeniesDangerousGroupsAndKeepsLuaNonExecutable [< 1 ms]
  Passed LLMGameCreator.Tests.Application.VisualWorldStreamPreviewWorkspace.VisualWorldStreamPreviewWorkspaceGoal125Tests.Goal125GenericGamePackageSystemsSurfacesInWorkspaceAndUiBinding [650 ms]
  Failed LLMGameCreator.Tests.ProductSmoke.OfflineGeoworldAlphaPostAcceptanceContinuationSelectionProductSmokeTests.ProductSmokeWritesContinuationArtifactsAndWorkspaceSurface [37 ms]
  Error Message:
   Assert.Equal() Failure: Strings differ
           ↓ (pos 0)
Expected: "GREEN"
Actual:   "BLOCKED"
           ↑ (pos 0)
  Stack Trace:
     at LLMGameCreator.Tests.ProductSmoke.OfflineGeoworldAlphaPostAcceptanceContinuationSelectionProductSmokeTests.ProductSmokeWritesContinuationArtifactsAndWorkspaceSurface() in C:\Users\endim\LLMGameCreator\tests\LLMGameCreator.Tests\ProductSmoke\OfflineGeoworldAlphaPostAcceptanceContinuationSelectionProductSmokeTests.cs:line 16
--- End of stack trace from previous location ---
  Passed LLMGameCreator.Tests.Application.FullMediaBoundGeneratorCampaign.FullMediaBoundGeneratorCampaignPlanTests.CampaignPlanStagesReviewPackageAndUnityCampaignMarkers [13 ms]
  Passed LLMGameCreator.Tests.WinForms.LegacyGoalDiagnosticsIsolationTests.LegacyGoalDiagnosticsIsolation_hides_preserved_internal_tabs_until_explicit_toggle [737 ms]
  Passed LLMGameCreator.Tests.Application.ContentGeneration.ContentGenerationScaleAcceptanceTests.InvalidFakeLeakAndExpectationOnlyScenariosAreRejectedCausally [95 ms]
  Passed LLMGameCreator.Tests.Application.ContentGeneration.ContentGenerationScaleAcceptanceTests.DefaultUnavailableAdapterCannotSatisfyAcceptance [57 ms]
  Passed LLMGameCreator.Tests.Application.ContentGeneration.ContentGenerationScaleAcceptanceTests.ReferencePacksExpandAtScaleWithStableProvenanceAndRepetitionMetrics [86 ms]
  Passed LLMGameCreator.Tests.Application.ContentGeneration.ContentGenerationScaleAcceptanceTests.RemovingExpectationOnlyMutationMakesExpectedInvalidMatrixFail [79 ms]
  Passed LLMGameCreator.Tests.Application.ContentGeneration.ContentGenerationScaleAcceptanceTests.MaterializedPackagesAreCleanAndRuntimeThreadsUseRealRuntimeBoundary [90 ms]
  Passed LLMGameCreator.Tests.Application.ContentGeneration.ContentGenerationScaleAcceptanceTests.BuildsStableAcceptedContentGenerationScaleArtifacts [266 ms]
  Passed LLMGameCreator.Tests.Application.DeterministicVisualChunkStreamWindow.DeterministicVisualChunkStreamWindowValidatorTests.NegativeMatrixRejectsExpectedCases [117 ms]
  Passed LLMGameCreator.Tests.Application.DeterministicVisualChunkStreamWindow.DeterministicVisualChunkStreamWindowValidatorTests.RequiredFixturesMaterializeOnlyRequestedWindows [5 ms]
  Passed LLMGameCreator.Tests.Application.DeterministicVisualChunkStreamWindow.DeterministicVisualChunkStreamWindowValidatorTests.SeamAndLayerTransitionProofsPass [18 ms]
[xUnit.net 00:00:45.32]       goal107.source.file_over_700 [src/LLMGameCreator.WinForms/Pages/VisualWorldStreamPreviewWorkspace/VisualWorldStreamPreviewWorkspacePageControl.cs] Goal107 C# files must remain below 700 logical lines.
[xUnit.net 00:00:45.32]       Stack Trace:
[xUnit.net 00:00:45.32]         C:\Users\endim\LLMGameCreator\tests\LLMGameCreator.Tests\Application\OfflineGeoworldObjectiveAcceptanceRun\OfflineGeoworldObjectiveAcceptanceRunTests.cs(20,0): at LLMGameCreator.Tests.Application.OfflineGeoworldObjectiveAcceptanceRun.OfflineGeoworldObjectiveAcceptanceRunTests.ServiceBuildsObjectivePayloadAndEvidence()
[xUnit.net 00:00:45.32]         --- End of stack trace from previous location ---
[xUnit.net 00:00:46.01]       goal092.proof.failed [goal105.quality_gate] Required visual preview proof is missing or did not pass.
[xUnit.net 00:00:46.01]       goal092.proof.failed [goal107.quality_gate] Required visual preview proof is missing or did not pass.
[xUnit.net 00:00:46.01]       goal092.proof.failed [goal116.manual_gate.human_accepted] Required visual preview proof is missing or did not pass.
[xUnit.net 00:00:46.01]       goal092.proof.failed [goal116.manual_gate.quality_gate] Required visual preview proof is missing or did not pass.
[xUnit.net 00:00:46.01]       goal092.proof.failed [goal117.continuation.quality_gate] Required visual preview proof is missing or did not pass.
[xUnit.net 00:00:46.01]       goal092.quality.proofs_failed [proofStatus] Visual world stream preview workspace quality gate did not pass.
[xUnit.net 00:00:46.01]       goal105.quality.quality_gate [proofStatus] Visual world stream preview workspace quality gate did not pass.
[xUnit.net 00:00:46.01]       goal105.workspace.summary_failed [offline_geoworld_interactions] Visual world stream preview workspace quality gate did not pass.
[xUnit.net 00:00:46.01]       goal107.quality.quality_gate [proofStatus] Visual world stream preview workspace quality gate did not pass.
[xUnit.net 00:00:46.01]       goal107.workspace.summary_failed [offline_geoworld_objective_acceptance] Visual world stream preview workspace quality gate did not pass.
[xUnit.net 00:00:46.01]       goal116.quality.human_accepted [offline_geoworld_alpha_manual_gate_acceptance_record] Visual world stream preview workspace quality gate did not pass.
[xUnit.net 00:00:46.01]       goal116.quality.manual_gate_status [offline_geoworld_alpha_manual_gate_acceptance_record] Visual world stream preview workspace quality gate did not pass.
[xUnit.net 00:00:46.01]       goal116.quality.manual_result_sha [offline_geoworld_alpha_manual_gate_acceptance_record] Visual world stream preview workspace quality gate did not pass.
[xUnit.net 00:00:46.01]       goal116.quality.quality_gate [proofStatus] Visual world stream preview workspace quality gate did not pass.
[xUnit.net 00:00:46.01]       goal116.workspace.summary_failed [offline_geoworld_alpha_manual_gate_acceptance_record] Visual world stream preview workspace quality gate did not pass.
[xUnit.net 00:00:46.01]       Stack Trace:
[xUnit.net 00:00:46.01]         C:\Users\endim\LLMGameCreator\tests\LLMGameCreator.Tests\Application\OfflineGeoworldObjectiveAcceptanceRun\OfflineGeoworldObjectiveAcceptanceRunTests.cs(110,0): at LLMGameCreator.Tests.Application.OfflineGeoworldObjectiveAcceptanceRun.OfflineGeoworldObjectiveAcceptanceRunTests.WorkspaceGroupSurfacesObjectiveAcceptanceReadiness()
[xUnit.net 00:00:46.01]         --- End of stack trace from previous location ---
  Passed LLMGameCreator.Tests.Application.DeterministicVisualChunkStreamWindow.DeterministicVisualChunkStreamWindowValidatorTests.InfiniteOverlappingWindowsReuseStableChunkKeys [14 ms]
  Passed LLMGameCreator.Tests.DevFlow.RunGamePackageCandidateRecipePipelineScriptTests.RunGamePackageCandidateRecipePipelineScriptExposesCatalogScoringAndPromotionContract [< 1 ms]
  Passed LLMGameCreator.Tests.Application.FeatureModuleAuthoring.FeatureModuleParameterizedCompositionTests.Seeded_defaults_preserve_goal146_selected_hashes [24 ms]
  Passed LLMGameCreator.Tests.Application.FeatureModuleAuthoring.FeatureModuleParameterizedCompositionTests.Custom_values_span_all_modules_and_materialize_deterministically [43 ms]
  Failed LLMGameCreator.Tests.Application.OfflineGeoworldObjectiveAcceptanceRun.OfflineGeoworldObjectiveAcceptanceRunTests.ServiceBuildsObjectivePayloadAndEvidence [179 ms]
  Error Message:
   goal107.source.file_over_700 [src/LLMGameCreator.WinForms/Pages/VisualWorldStreamPreviewWorkspace/VisualWorldStreamPreviewWorkspacePageControl.cs] Goal107 C# files must remain below 700 logical lines.
  Stack Trace:
     at LLMGameCreator.Tests.Application.OfflineGeoworldObjectiveAcceptanceRun.OfflineGeoworldObjectiveAcceptanceRunTests.ServiceBuildsObjectivePayloadAndEvidence() in C:\Users\endim\LLMGameCreator\tests\LLMGameCreator.Tests\Application\OfflineGeoworldObjectiveAcceptanceRun\OfflineGeoworldObjectiveAcceptanceRunTests.cs:line 20
--- End of stack trace from previous location ---
  Passed LLMGameCreator.Tests.Application.OfflineGeoworldObjectiveAcceptanceRun.OfflineGeoworldObjectiveAcceptanceRunTests.NegativeProofCoversRequiredObjectiveRisks [62 ms]
  Failed LLMGameCreator.Tests.Application.OfflineGeoworldObjectiveAcceptanceRun.OfflineGeoworldObjectiveAcceptanceRunTests.WorkspaceGroupSurfacesObjectiveAcceptanceReadiness [622 ms]
  Error Message:
   goal092.proof.failed [goal105.quality_gate] Required visual preview proof is missing or did not pass.
goal092.proof.failed [goal107.quality_gate] Required visual preview proof is missing or did not pass.
goal092.proof.failed [goal116.manual_gate.human_accepted] Required visual preview proof is missing or did not pass.
goal092.proof.failed [goal116.manual_gate.quality_gate] Required visual preview proof is missing or did not pass.
goal092.proof.failed [goal117.continuation.quality_gate] Required visual preview proof is missing or did not pass.
goal092.quality.proofs_failed [proofStatus] Visual world stream preview workspace quality gate did not pass.
goal105.quality.quality_gate [proofStatus] Visual world stream preview workspace quality gate did not pass.
goal105.workspace.summary_failed [offline_geoworld_interactions] Visual world stream preview workspace quality gate did not pass.
goal107.quality.quality_gate [proofStatus] Visual world stream preview workspace quality gate did not pass.
goal107.workspace.summary_failed [offline_geoworld_objective_acceptance] Visual world stream preview workspace quality gate did not pass.
goal116.quality.human_accepted [offline_geoworld_alpha_manual_gate_acceptance_record] Visual world stream preview workspace quality gate did not pass.
goal116.quality.manual_gate_status [offline_geoworld_alpha_manual_gate_acceptance_record] Visual world stream preview workspace quality gate did not pass.
goal116.quality.manual_result_sha [offline_geoworld_alpha_manual_gate_acceptance_record] Visual world stream preview workspace quality gate did not pass.
goal116.quality.quality_gate [proofStatus] Visual world stream preview workspace quality gate did not pass.
goal116.workspace.summary_failed [offline_geoworld_alpha_manual_gate_acceptance_record] Visual world stream preview workspace quality gate did not pass.
  Stack Trace:
     at LLMGameCreator.Tests.Application.OfflineGeoworldObjectiveAcceptanceRun.OfflineGeoworldObjectiveAcceptanceRunTests.WorkspaceGroupSurfacesObjectiveAcceptanceReadiness() in C:\Users\endim\LLMGameCreator\tests\LLMGameCreator.Tests\Application\OfflineGeoworldObjectiveAcceptanceRun\OfflineGeoworldObjectiveAcceptanceRunTests.cs:line 110
--- End of stack trace from previous location ---
  Passed LLMGameCreator.Tests.Application.OfflineGeoworldObjectiveAcceptanceRun.OfflineGeoworldObjectiveAcceptanceRunTests.ReplayAcceptanceProofCoversGoal106CheckpointAndObjectiveCompletion [77 ms]
  Passed LLMGameCreator.Tests.Application.UnityAlphaMultiFamilyPlayableLoop.UnityAlphaMultiFamilySourceLoadingTests.Goal057ConsumesGoal056HandoffAndAllFamilyEvidence [10 ms]
  Passed LLMGameCreator.Tests.Application.HybridDraftLuaExpansion.HybridDraftLuaExpansionCatalogTests.DefaultRequestsCoverRequiredScenariosFamiliesAndMetamoduleSlots [91 ms]
  Passed LLMGameCreator.Tests.Application.UnityArchiveReviewComparisonTests.ComparisonMissingSnapshotFileIncludesDiagnostic [87 ms]
  Passed LLMGameCreator.Tests.Application.UnityArchiveReviewComparisonTests.UnityArchiveReviewComparisonContainsNoTimestamps [41 ms]
  Passed LLMGameCreator.Tests.Application.UnityArchiveReviewComparisonTests.UnityArchiveReviewComparisonOneSnapshotReturnsNoPreviousSnapshot [29 ms]
  Passed LLMGameCreator.Tests.Application.UnityArchiveReviewComparisonTests.ComparisonReportsCurrentSnapshotNotIndexed [42 ms]
  Passed LLMGameCreator.Tests.Application.UnityArchiveReviewComparisonTests.ComparisonUsesPreviousSequenceNotHashOrder [39 ms]
  Passed LLMGameCreator.Tests.Application.UnityArchiveReviewComparisonTests.UnityArchiveReviewComparisonMissingReviewJsonReturnsMissingReview [9 ms]
  Passed LLMGameCreator.Tests.Application.UnityArchiveReviewComparisonTests.UnityArchiveReviewComparisonOutputsAreDeterministic [29 ms]
  Passed LLMGameCreator.Tests.Application.UnityArchiveReviewComparisonTests.UnityArchiveReviewComparisonCanParseComparisonJson [32 ms]
  Passed LLMGameCreator.Tests.Application.UnityArchiveReviewComparisonTests.UnityArchiveReviewComparisonInvalidReviewJsonReturnsInvalid [11 ms]
  Passed LLMGameCreator.Tests.Application.UnityArchiveReviewComparisonTests.UnityArchiveReviewComparisonMissingArchiveReturnsMissingReview [3 ms]
  Passed LLMGameCreator.Tests.Application.UnityArchiveReviewComparisonTests.UnityArchiveReviewComparisonTwoSnapshotsReportsDeltas [67 ms]
  Passed LLMGameCreator.Tests.Application.UnityArchiveReviewComparisonTests.UnityArchiveReviewComparisonReportsDiagnosticChanges [51 ms]
  Passed LLMGameCreator.Tests.Application.VisualChunkCacheUnityStreamingAssetsHandoff.VisualChunkCacheUnityStreamingAssetsHandoffEvidenceTests.NegativeProofRejectsMissingTamperedUnsafeAndFakeReadScenarios [37 ms]
  Passed LLMGameCreator.Tests.Application.VisualChunkCacheUnityStreamingAssetsHandoff.VisualChunkCacheUnityStreamingAssetsHandoffEvidenceTests.UnityProbeSourceAndAlphaBootstrapBaselineAreGuarded [38 ms]
  Passed LLMGameCreator.Tests.Application.VisualChunkCacheUnityStreamingAssetsHandoff.VisualChunkCacheUnityStreamingAssetsHandoffEvidenceTests.ServiceBuildsCompactStreamingAssetsPayloadFromGoal093AndGoal094 [83 ms]
  Passed LLMGameCreator.Tests.Application.VisualChunkCacheUnityStreamingAssetsHandoff.VisualChunkCacheUnityStreamingAssetsHandoffEvidenceTests.SimulatedUnityReadProofReadsMirroredPayloadAndMatchesSourceCounts [35 ms]
  Passed LLMGameCreator.Tests.Application.VisualChunkCacheUnityStreamingAssetsHandoff.VisualChunkCacheUnityStreamingAssetsHandoffEvidenceTests.PayloadPathsStayRelativeCompactAndMetadataOnly [37 ms]
[xUnit.net 00:00:46.90]       Assert.Equal() Failure: Strings differ
[xUnit.net 00:00:46.90]                  ↓ (pos 0)
[xUnit.net 00:00:46.90]       Expected: "GREEN"
[xUnit.net 00:00:46.90]       Actual:   "BLOCKED"
[xUnit.net 00:00:46.90]                  ↑ (pos 0)
[xUnit.net 00:00:46.90]       Stack Trace:
[xUnit.net 00:00:46.90]         C:\Users\endim\LLMGameCreator\tests\LLMGameCreator.Tests\Application\OfflineGeoworldAlphaPostAcceptanceContinuationSelection\OfflineGeoworldAlphaPostAcceptanceContinuationSelectionTests.cs(15,0): at LLMGameCreator.Tests.Application.OfflineGeoworldAlphaPostAcceptanceContinuationSelection.OfflineGeoworldAlphaPostAcceptanceContinuationSelectionTests.RepositoryContinuationSelectionIsGreenAndRecommendsBaselineReview()
[xUnit.net 00:00:46.90]            at System.RuntimeMethodHandle.InvokeMethod(Object target, Void** arguments, Signature sig, Boolean isConstructor)
[xUnit.net 00:00:46.90]            at System.Reflection.MethodBaseInvoker.InvokeWithNoArgs(Object obj, BindingFlags invokeAttr)
  Passed LLMGameCreator.Tests.Application.OfflineGeoworldAlphaPostAcceptanceContinuationSelection.OfflineGeoworldAlphaPostAcceptanceContinuationSelectionTests.SelectionDoesNotRequireLocalManualResultToExist [12 ms]
  Passed LLMGameCreator.Tests.Application.OfflineGeoworldAlphaPostAcceptanceContinuationSelection.OfflineGeoworldAlphaPostAcceptanceContinuationSelectionTests.NonAcceptedGoal116EvidenceBlocksContinuationSelection [11 ms]
  Passed LLMGameCreator.Tests.Application.OfflineGeoworldAlphaPostAcceptanceContinuationSelection.OfflineGeoworldAlphaPostAcceptanceContinuationSelectionTests.NegativeProofRejectsForbiddenContinuationStarts [2 ms]
  Failed LLMGameCreator.Tests.Application.OfflineGeoworldAlphaPostAcceptanceContinuationSelection.OfflineGeoworldAlphaPostAcceptanceContinuationSelectionTests.RepositoryContinuationSelectionIsGreenAndRecommendsBaselineReview [2 ms]
  Error Message:
   Assert.Equal() Failure: Strings differ
           ↓ (pos 0)
Expected: "GREEN"
Actual:   "BLOCKED"
           ↑ (pos 0)
  Stack Trace:
     at LLMGameCreator.Tests.Application.OfflineGeoworldAlphaPostAcceptanceContinuationSelection.OfflineGeoworldAlphaPostAcceptanceContinuationSelectionTests.RepositoryContinuationSelectionIsGreenAndRecommendsBaselineReview() in C:\Users\endim\LLMGameCreator\tests\LLMGameCreator.Tests\Application\OfflineGeoworldAlphaPostAcceptanceContinuationSelection\OfflineGeoworldAlphaPostAcceptanceContinuationSelectionTests.cs:line 15
   at System.RuntimeMethodHandle.InvokeMethod(Object target, Void** arguments, Signature sig, Boolean isConstructor)
   at System.Reflection.MethodBaseInvoker.InvokeWithNoArgs(Object obj, BindingFlags invokeAttr)
  Passed LLMGameCreator.Tests.Application.GeneratorCatalogTests.PackageAssemblyAndActivationManifestsExistAndAreOfflineDeterministic [2 ms]
  Passed LLMGameCreator.Tests.Application.GeneratorCatalogTests.CatalogValidatorCatchesDuplicateIds [1 ms]
  Passed LLMGameCreator.Tests.Application.GeneratorCatalogTests.FutureImportedMapBlueprintReportsPlannedAndMissingSupportWithoutThrowing [< 1 ms]
  Passed LLMGameCreator.Tests.Application.GeneratorCatalogTests.CatalogValidatorCatchesUnknownCapabilityReferences [< 1 ms]
  Passed LLMGameCreator.Tests.Application.GeneratorCatalogTests.PlannedFutureGeneratorManifestsExist [< 1 ms]
  Passed LLMGameCreator.Tests.Application.GeneratorCatalogTests.CurrentStrictLlmGeneratorManifestsExistWithExpectedExecutionProfile [< 1 ms]
  Passed LLMGameCreator.Tests.Application.GeneratorCatalogTests.BaselineGeneratedRpgBlueprintResolvesCurrentGeneratorPlan [< 1 ms]
  Passed LLMGameCreator.Tests.Application.GeneratorCatalogTests.BuiltInGeneratorIdsAreUniqueAndCatalogHasNoErrors [< 1 ms]
  Passed LLMGameCreator.Tests.Design.GeneratorPlanDraftServiceTests.DraftServiceDoesNotSaveInvalidDraft [16 ms]
  Passed LLMGameCreator.Tests.Design.GeneratorPlanDraftServiceTests.DraftServiceSavesValidatedDraftWithoutRealLlm [4 ms]
  Passed LLMGameCreator.Tests.Design.GeneratorPlanDraftServiceTests.DraftServiceIncludesPackageOperationsContractInDataPatchMode [< 1 ms]
  Passed LLMGameCreator.Tests.Design.GeneratorPlanDraftServiceTests.DraftServiceKeepsGenericPlanModeWithoutPatchContract [< 1 ms]
  Passed LLMGameCreator.Tests.Design.GeneratorPlanDraftServiceTests.DraftServiceDoesNotExecuteLuaOrTouchPackageFilesAndContextStaysCompact [9 ms]
  Passed LLMGameCreator.Tests.ProductSmoke.TinyGeneratedRuntimeLoopSmokeTests.TinyGeneratedRuntimeLoopProductSmoke [17 ms]
  Passed LLMGameCreator.Tests.Application.AcceptedAlphaUnityPlayableProjection.SelectedRuntimeVariantInteractiveSessionScriptProof.WritesGoal144LiveSessionArtifacts [160 ms]
  Passed LLMGameCreator.Tests.Application.UnityArchiveManualImportTemplateTests.EnsureManualImportDirectoryAcceptsManualImport [17 ms]
  Passed LLMGameCreator.Tests.Application.UnityArchiveManualImportTemplateTests.EnsureManualImportDirectoryRejectsTraversal [5 ms]
  Passed LLMGameCreator.Tests.Application.UnityArchiveManualImportTemplateTests.CreateManualImportTemplateDoesNotOverwriteImportManifest [22 ms]
  Passed LLMGameCreator.Tests.Application.UnityArchiveManualImportTemplateTests.WorkspaceLoadsPlanWhenTypedIndexesAreMissing [14 ms]
  Passed LLMGameCreator.Tests.Application.UnityArchiveManualImportTemplateTests.CreateManualImportTemplateWritesMissingSlotsOnly [14 ms]
  Passed LLMGameCreator.Tests.Application.WorldScaleRegionMapFoundation.WorldScaleRegionGraphTests.DefaultGraphsCoverFourScenariosAndRequiredRouteKinds [1 ms]
  Passed LLMGameCreator.Tests.Application.WorldScaleRegionMapFoundation.WorldScaleRegionGraphTests.MetamoduleGraphPreservesSevenKingdomGroupsAndCanonicalSlotRefs [< 1 ms]
  Passed LLMGameCreator.Tests.Application.UnityAlphaMediaBoundPlayablePackage.UnityAlphaMediaBoundEvidenceTests.EvidenceIsJsonParseableAndBlockedWhenUnityProofIsNotExecuted [8 ms]
  Passed LLMGameCreator.Tests.Application.MultiFamilyGeneratedTemplateVerticalSlice.MultiFamilyGeneratedTemplateEvidenceTests.EvidenceWriterCreatesRequiredFilesAndDeterministicReport [335 ms]
  Passed LLMGameCreator.Tests.Application.LivingWorldNpcFactionSimulationMatrix.LivingWorldNpcFactionUnityPlanTests.UnityCommandPlanRequiresLivingWorldMarkersForAllRowsAndTicks [19 ms]
  Passed LLMGameCreator.Tests.Scripting.PrototypeLuaExecutorTests.ExecutesMultipleDeclarationsInDeterministicOrder [36 ms]
  Passed LLMGameCreator.Tests.Scripting.PrototypeLuaExecutorTests.DoesNotExposeDirectHostObjectAccess [2 ms]
  Passed LLMGameCreator.Tests.Scripting.PrototypeLuaExecutorTests.ForbiddenGlobalsAreNotAvailable(source: "return os") [< 1 ms]
  Passed LLMGameCreator.Tests.Scripting.PrototypeLuaExecutorTests.ForbiddenGlobalsAreNotAvailable(source: "return io") [< 1 ms]
  Passed LLMGameCreator.Tests.Scripting.PrototypeLuaExecutorTests.ForbiddenGlobalsAreNotAvailable(source: "return debug") [< 1 ms]
  Passed LLMGameCreator.Tests.Scripting.PrototypeLuaExecutorTests.ForbiddenGlobalsAreNotAvailable(source: "require('x')") [< 1 ms]
  Passed LLMGameCreator.Tests.Scripting.PrototypeLuaExecutorTests.ReturnsDiagnosticsOnSyntaxError [1 ms]
  Passed LLMGameCreator.Tests.Scripting.PrototypeLuaExecutorTests.ExecutesValidTileDeclaration [1 ms]
  Passed LLMGameCreator.Tests.Scripting.PrototypeLuaExecutorTests.EnforcesMaxDeclarations [76 ms]
  Passed LLMGameCreator.Tests.Scripting.PrototypeLuaExecutorTests.RejectsUnknownDeclarationType [< 1 ms]
  Passed LLMGameCreator.Tests.Application.FullGeneratorWithoutMediaDryRun.FullGeneratorWithoutMediaDryRunEvidenceTests.EvidenceBuildIsDeterministicAndKeepsFinalGateRequired [103 ms]
  Passed LLMGameCreator.Tests.Application.FullGeneratorWithoutMediaDryRun.FullGeneratorWithoutMediaDryRunEvidenceTests.SourceManifestRecordsGoal043HandoffAndPreservesGoal031AndGoal032 [17 ms]
  Passed LLMGameCreator.Tests.Application.FullGeneratorWithoutMediaDryRun.FullGeneratorWithoutMediaDryRunEvidenceTests.RuntimeExportPackageAndInvalidMatricesCoverRequiredGoal047Risks [13 ms]
  Passed LLMGameCreator.Tests.Application.UnifiedGameProjectWorkspace.Goal150BZeroValueRuntimeEvidenceTests.Equipment_only_build_reports_observed_equipment_and_total_without_stat_evidence(configuredBonus: 0, expectedTotal: 0) [260 ms]
  Passed LLMGameCreator.Tests.Application.UnifiedGameProjectWorkspace.Goal150BZeroValueRuntimeEvidenceTests.Equipment_only_build_reports_observed_equipment_and_total_without_stat_evidence(configuredBonus: 3, expectedTotal: 3) [248 ms]
  Passed LLMGameCreator.Tests.Application.UnifiedGameProjectWorkspace.Goal150BZeroValueRuntimeEvidenceTests.Decimal_expression_overflow_is_a_deterministic_failed_binding [4 ms]
  Passed LLMGameCreator.Tests.ProductSmoke.GeneratedPackageMvpSmokeTests.GeneratedPackageMvpProductSmoke [28 ms]
  Passed LLMGameCreator.Tests.Design.GeneratorPlanStrictLlmEvaluationMarkdownRendererTests.MarkdownRendererRecommendsTightenPromptWhenJsonFailuresHigh [7 ms]
  Passed LLMGameCreator.Tests.Design.GeneratorPlanStrictLlmEvaluationMarkdownRendererTests.MarkdownRendererWarnsHighJsonInvalidCount [< 1 ms]
  Passed LLMGameCreator.Tests.Design.GeneratorPlanStrictLlmEvaluationMarkdownRendererTests.MarkdownRendererHandlesEmptyDiagnosticsAndSamples [< 1 ms]
  Passed LLMGameCreator.Tests.Design.GeneratorPlanStrictLlmEvaluationMarkdownRendererTests.MarkdownRendererDeterministicForSameResult [< 1 ms]
  Passed LLMGameCreator.Tests.Design.GeneratorPlanStrictLlmEvaluationMarkdownRendererTests.MarkdownRendererShowsWarningsWithHighPassRate [< 1 ms]
  Passed LLMGameCreator.Tests.Design.GeneratorPlanStrictLlmEvaluationMarkdownRendererTests.MarkdownRendererRecommendsContractStableWhenPassRateHigh [< 1 ms]
  Passed LLMGameCreator.Tests.Design.GeneratorPlanStrictLlmEvaluationMarkdownRendererTests.MarkdownRendererGoldenRecommendationsMatchFixture [< 1 ms]
  Passed LLMGameCreator.Tests.Design.GeneratorPlanStrictLlmEvaluationMarkdownRendererTests.MarkdownRendererIncludesSummaryContractDiagnosticsSamplesAndRecommendations [< 1 ms]
  Passed LLMGameCreator.Tests.Application.SemanticArtifactContracts.SemanticArtifactCompatibilityPlannerTests.SameInputProducesStructurallyEquivalentOutput [22 ms]
  Passed LLMGameCreator.Tests.Application.SemanticArtifactContracts.SemanticArtifactCompatibilityPlannerTests.ThreeScenarioPlansAreDifferentButUseSamePlannerAndRegistry [2 ms]
  Passed LLMGameCreator.Tests.Application.SemanticArtifactContracts.SemanticArtifactCompatibilityPlannerTests.PlannerKeepsFutureRequiredAndModuleAbsenceExplicit [1 ms]
  Passed LLMGameCreator.Tests.ProductSmoke.DynamicSemanticFeatureSystemProductSmokeTests.Goal032DynamicSemanticFeatureSystemProductSmoke [53 ms]
  Passed LLMGameCreator.Tests.Application.ParameterizedVisualWorldProfiles.ParameterizedVisualWorldProfilesEvidenceTests.EvidenceBuildIsDeterministicAndKeepsManualGateExplicit [12 ms]
  Passed LLMGameCreator.Tests.Application.ParameterizedVisualWorldProfiles.ParameterizedVisualWorldProfilesEvidenceTests.EvidenceArtifactsAreWrittenAndInspectable [25 ms]
  Passed LLMGameCreator.Tests.ProductSmoke.PackageAssemblyDialogueQuestsSmokeTests.PackageAssemblyDialogueQuestsProductSmoke [86 ms]
  Passed LLMGameCreator.Tests.Runtime.CharacterAttributesProgressionRuntimeTests.CharacterAttributes_current_player_stat_overrides_explicit_participant_value_at_encounter_start [39 ms]
  Passed LLMGameCreator.Tests.Runtime.CharacterAttributesProgressionRuntimeTests.LevelProgression_command_delegates_to_output_stage_resolution_and_rejects_invalid_input [1 ms]
  Passed LLMGameCreator.Tests.Application.FeatureModuleAuthoring.FeatureModuleLibraryAndParameterTests.Parameter_input_order_produces_identical_effective_plan_and_never_mutates_source_modules [6 ms]
  Passed LLMGameCreator.Tests.Application.FeatureModuleAuthoring.FeatureModuleLibraryAndParameterTests.Tracked_library_loads_deterministically_with_seeded_contracts [7 ms]
  Passed LLMGameCreator.Tests.Application.FeatureModuleAuthoring.FeatureModuleLibraryAndParameterTests.Parameter_binding_resolves_defaults_and_applies_multi_target_groups_atomically [3 ms]
  Passed LLMGameCreator.Tests.Application.FeatureModuleAuthoring.FeatureModuleLibraryAndParameterTests.Parameter_validation_rejects_unknown_unselected_type_range_step_enum_and_duplicates [4 ms]
  Passed LLMGameCreator.Tests.ProductSmoke.GeoworldSourceAdapterStreamingContractProductSmokeTests.Goal098GeoworldSourceAdapterStreamingContractProductSmoke [90 ms]
  Passed LLMGameCreator.Tests.Application.CompositionDiagnosticsTests.ReportActionsAndMarkdownAreDeterministic [4 ms]
  Passed LLMGameCreator.Tests.Application.CompositionDiagnosticsTests.FutureImportedMapReportReturnsPlannedAndMissingDiagnostics [4 ms]
  Passed LLMGameCreator.Tests.Application.CompositionDiagnosticsTests.BaselineReportIsBuildableWithDeterministicCurrentGenerators [< 1 ms]
  Passed LLMGameCreator.Tests.Application.CompositionDiagnosticsTests.ExplicitContentLanguagePolicyIsReflectedInReport [< 1 ms]
  Passed LLMGameCreator.Tests.Application.CompositionDiagnosticsTests.BrokenBlueprintReturnsErrorReadinessAndCapabilityActions [1 ms]
  Passed LLMGameCreator.Tests.Design.GeneratorPlanDraftArtifactQueuePipelineTests.ValidatorAndPolicyReportQueueErrorsWarningsAndValidationResults [4 ms]
  Passed LLMGameCreator.Tests.Design.GeneratorPlanDraftArtifactQueuePipelineTests.ReaderReturnsEmptySavedArtifactsValidationResultsAndWorksWhenMarkdownMissing [29 ms]
  Passed LLMGameCreator.Tests.Design.GeneratorPlanDraftArtifactQueuePipelineTests.ServiceCreatesQueueFromDraftResultAndExamplePathAndHandlesInvalidOrNoMarkdown [11 ms]
  Passed LLMGameCreator.Tests.Design.GeneratorPlanDraftArtifactQueuePipelineTests.BuilderCreatesDeterministicQueueItemsGatesRepairRequestsAndMapsDiagnostics [1 ms]
  Passed LLMGameCreator.Tests.Design.GeneratorPlanDraftArtifactQueuePipelineTests.MarkdownRendererRendersSectionsEscapesCellsAndHandlesEmptySections [1 ms]
  Passed LLMGameCreator.Tests.Design.GeneratorPlanDraftArtifactQueuePipelineTests.ArtifactServiceSavesResultMarkdownValidationSupportsCustomIdsAndIdempotence [57 ms]
  Passed LLMGameCreator.Tests.ProductSmoke.FullGeneratorWithoutMediaDryRunProductSmokeTests.FullGeneratorWithoutMediaDryRunProductSmoke [40 ms]
  Passed LLMGameCreator.Tests.Application.Semantics.SemanticLayerCompilerTests.ThreeSamePrecedenceConflictingTermDeclarationsCannotReactivateTerm [21 ms]
  Passed LLMGameCreator.Tests.Application.Semantics.SemanticLayerCompilerTests.RejectsUnsafeLayerAndUnknownRelationEndpoint [2 ms]
  Passed LLMGameCreator.Tests.Application.Semantics.SemanticLayerCompilerTests.CompilesLayerPrecedenceAndCandidateQuarantineDeterministically [1 ms]
  Passed LLMGameCreator.Tests.Application.Semantics.SemanticLayerCompilerTests.ConflictingRelationIdCannotRemainActive [2 ms]
  Passed LLMGameCreator.Tests.Application.Semantics.SemanticLayerCompilerTests.RejectsWrongSchemaVersionAndLayerKindPrefixMismatch [< 1 ms]
  Passed LLMGameCreator.Tests.Application.Semantics.SemanticLayerCompilerTests.WriteCreatesCompiledSemanticPackArtifacts [14 ms]
  Passed LLMGameCreator.Tests.Application.Semantics.SemanticLayerCompilerTests.MalformedJsonProducesDeterministicDiagnosticsAndKeepsValidNeighbor [14 ms]
  Passed LLMGameCreator.Tests.Design.GeneratorPlanCapabilitySelectionServiceTests.SaveAndReadLatestSelectionArtifact [87 ms]
  Passed LLMGameCreator.Tests.Design.GeneratorPlanCapabilitySelectionServiceTests.BuildSelectionPreservesComposableSelectionsAndKeepsHybridCombatNonFatal [15 ms]
  Passed LLMGameCreator.Tests.Design.GeneratorPlanCapabilitySelectionServiceTests.CoreAtlasPlanningHelpExplainsRequiredTechnicalGenerationBase [< 1 ms]
  Passed LLMGameCreator.Tests.Design.GeneratorPlanCapabilitySelectionServiceTests.StrictPromptIncludesComposableArraysOnlyWhenPresent [< 1 ms]
  Passed LLMGameCreator.Tests.Design.GeneratorPlanCapabilitySelectionServiceTests.HelpCatalogReturnsRussianMetadataAndSafeFallback [< 1 ms]
  Passed LLMGameCreator.Tests.Design.GeneratorPlanCapabilitySelectionServiceTests.BuildSelectionRejectsUnknownPresentationMode [5 ms]
  Passed LLMGameCreator.Tests.Design.GeneratorPlanCapabilitySelectionServiceTests.DiagnosticCategoryDisplayNameUsesRussianMeaning(category: "info", expectedText: "Информация") [< 1 ms]
  Passed LLMGameCreator.Tests.Design.GeneratorPlanCapabilitySelectionServiceTests.DiagnosticCategoryDisplayNameUsesRussianMeaning(category: "risky", expectedText: "есть риск") [< 1 ms]
  Passed LLMGameCreator.Tests.Design.GeneratorPlanCapabilitySelectionServiceTests.DiagnosticCategoryDisplayNameUsesRussianMeaning(category: "impossible", expectedText: "Нельзя совместить") [< 1 ms]
  Passed LLMGameCreator.Tests.Design.GeneratorPlanCapabilitySelectionServiceTests.DiagnosticCategoryDisplayNameUsesRussianMeaning(category: "unsupported_yet", expectedText: "Идея возможна") [< 1 ms]
  Passed LLMGameCreator.Tests.Design.GeneratorPlanCapabilitySelectionServiceTests.BuildSelectionWarnsForMissingFutureContractsButDoesNotFail [5 ms]
  Passed LLMGameCreator.Tests.Design.GeneratorPlanCapabilitySelectionServiceTests.BuildSelectionAcceptsKnownFirstPersonGridPartyBlobShape [4 ms]
  Passed LLMGameCreator.Tests.Design.GeneratorPlanCapabilitySelectionServiceTests.DiagnosticCategoryMappingUsesUserFacingCategories(code: "capability_selection.missing_artifact_contract", expectedCategory: "unsupported_yet") [< 1 ms]
  Passed LLMGameCreator.Tests.Design.GeneratorPlanCapabilitySelectionServiceTests.DiagnosticCategoryMappingUsesUserFacingCategories(code: "capability_selection.variant_not_recommended", expectedCategory: "risky") [< 1 ms]
  Passed LLMGameCreator.Tests.Design.GeneratorPlanCapabilitySelectionServiceTests.DiagnosticCategoryMappingUsesUserFacingCategories(code: "capability_selection.incompatible_presentation_wor"···, expectedCategory: "impossible") [< 1 ms]
  Passed LLMGameCreator.Tests.Design.GeneratorPlanCapabilitySelectionServiceTests.DiagnosticCategoryMappingUsesUserFacingCategories(code: "capability_selection.capability_gap", expectedCategory: "unsupported_yet") [< 1 ms]
  Passed LLMGameCreator.Tests.Design.GeneratorPlanCapabilitySelectionServiceTests.DiagnosticCategoryMappingUsesUserFacingCategories(code: "capability_selection.loaded", expectedCategory: "info") [< 1 ms]
  Passed LLMGameCreator.Tests.Design.GeneratorPlanCapabilitySelectionServiceTests.BuildSelectionResolvesFeatureBundleContractsValidatorsAndRuntimeTargets [5 ms]
  Passed LLMGameCreator.Tests.Design.GeneratorPlanCapabilitySelectionServiceTests.BuildSelectionWarnsWhenActorOrCombatIsNotRecommended [5 ms]
  Passed LLMGameCreator.Tests.Design.GeneratorPlanCapabilitySelectionServiceTests.BuildSelectionRejectsIncompatiblePresentationWorldCombination [4 ms]
  Passed LLMGameCreator.Tests.Design.GeneratorPlanCapabilitySelectionServiceTests.NewSelectionJsonRoundTripsComposableArrays [2 ms]
  Passed LLMGameCreator.Tests.Design.GeneratorPlanCapabilitySelectionServiceTests.OldSelectionJsonDeserializesWithEmptyComposableArrays [< 1 ms]
  Passed LLMGameCreator.Tests.Design.GeneratorPlanCapabilitySelectionServiceTests.AtlasReaderParsesCurrentAtlasFiles [7 ms]
  Passed LLMGameCreator.Tests.Application.UnityAlphaMediaBoundPlayablePackage.UnityAlphaMediaBoundInvalidMatrixTests.InvalidMatrixCoversRequiredFakeLeakScenariosWithCausalDiagnostics [7 ms]
  Passed LLMGameCreator.Tests.Application.VisualPartPackRuleStack.VisualPartPackRuleStackEvidenceTests.EvidenceBuildIsDeterministicAndKeepsBoundariesExplicit [78 ms]
  Passed LLMGameCreator.Tests.Application.VisualPartPackRuleStack.VisualPartPackRuleStackEvidenceTests.EvidenceArtifactsAreWrittenAndInspectable [44 ms]
  Passed LLMGameCreator.Tests.Application.SelectedRuntimeVariantInteractiveSession.SelectedRuntimeVariantInteractiveSessionOperatorRunnerTests.FailedDrillRestoresPreviousProceduralAndExportArtifacts [10 ms]
  Passed LLMGameCreator.Tests.Application.VisualWorldStreamPreviewWorkspace.VisualWorldStreamPreviewWorkspaceGoal137Tests.Goal137UnityPlayerLoopPlaybackSurfacesInWorkspaceAndUiBinding [573 ms]
  Passed LLMGameCreator.Tests.ProductSmoke.ActivePackageQuestDialoguePreviewSmokeTests.ActivePackageQuestDialoguePreviewProductSmoke [19 ms]
  Passed LLMGameCreator.Tests.Design.GeneratorLibraryRegistryTests.SqliteDesignDatabaseCreatesSchema [12 ms]
  Passed LLMGameCreator.Tests.Design.GeneratorLibraryRegistryTests.RegistryStoresUnknownFieldsAsMetadata [49 ms]
  Passed LLMGameCreator.Tests.Design.GeneratorLibraryRegistryTests.GeneratorLibraryImporterIgnoresSchemaExampleManifest [18 ms]
  Passed LLMGameCreator.Tests.Design.GeneratorLibraryRegistryTests.GeneratorLibraryImporterNormalizesManifestVariants [21 ms]
  Passed LLMGameCreator.Tests.Design.GeneratorLibraryRegistryTests.RegistryCanQueryModulesByCapability [61 ms]
  Passed LLMGameCreator.Tests.Design.GeneratorLibraryRegistryTests.ImporterDoesNotExecuteLua [18 ms]
  Passed LLMGameCreator.Tests.Design.GeneratorLibraryRegistryTests.SecondImportRemovesStaleRegistrySnapshotRows [33 ms]
  Passed LLMGameCreator.Tests.Design.GeneratorLibraryRegistryTests.GeneratorLibraryImportIsIdempotent [46 ms]
  Passed LLMGameCreator.Tests.Design.GeneratorLibraryRegistryTests.GeneratorLibraryImporterImportsBatch001To004Manifests [24 ms]
  Passed LLMGameCreator.Tests.Design.GeneratorLibraryRegistryTests.CleanImportClearsOldImportIssues [25 ms]
  Passed LLMGameCreator.Tests.Design.GeneratorLibraryRegistryTests.GeneratorLibraryImporterReportsInvalidManifest [17 ms]
  Passed LLMGameCreator.Tests.Application.DynamicSemanticFeatures.DynamicSemanticFeatureEvidenceTests.EvidenceArtifactsAreWrittenAndInspectable [24 ms]
  Passed LLMGameCreator.Tests.Application.DynamicSemanticFeatures.DynamicSemanticFeatureEvidenceTests.EvidenceBuildIsDeterministicAndKeepsBoundariesExplicit [16 ms]
  Passed LLMGameCreator.Tests.Docs.AgentTaskDocsStopModeGuardTests.StopModeNextTaskRequiresStopReview [< 1 ms]
  Passed LLMGameCreator.Tests.Docs.AgentTaskDocsStopModeGuardTests.CheckDevflowStateAcceptsValidStopMode [538 ms]
  Passed LLMGameCreator.Tests.Docs.AgentTaskDocsStopModeGuardTests.StopModeNextTaskDoesNotRequireTaskSpecFile [6 ms]
  Passed LLMGameCreator.Tests.Docs.AgentTaskDocsStopModeGuardTests.CheckDevflowStateFailsInvalidStopModeWithoutStopAction [576 ms]
  Passed LLMGameCreator.Tests.Docs.AgentTaskDocsStopModeGuardTests.StopModeNextTaskRequiresStopAction [1 ms]
  Passed LLMGameCreator.Tests.Application.Procedural.ProceduralGameKernelServiceTests.DifferentSeedChangesGeneratedValuesButPreservesStructure [2 ms]
[xUnit.net 00:00:52.39]       Assert.True() Failure
[xUnit.net 00:00:52.39]       Expected: True
[xUnit.net 00:00:52.39]       Actual:   False
[xUnit.net 00:00:52.39]       Stack Trace:
[xUnit.net 00:00:52.39]         C:\Users\endim\LLMGameCreator\tests\LLMGameCreator.Tests\Application\OfflineGeoworldUnityPlayModeTravelPreview\OfflineGeoworldUnityPlayModeTravelPreviewTests.cs(113,0): at LLMGameCreator.Tests.Application.OfflineGeoworldUnityPlayModeTravelPreview.OfflineGeoworldUnityPlayModeTravelPreviewTests.WorkspaceGroupSurfacesPlayModeTravelReadiness()
[xUnit.net 00:00:52.39]         --- End of stack trace from previous location ---
[xUnit.net 00:00:52.53]       Assert.True() Failure
[xUnit.net 00:00:52.53]       Expected: True
[xUnit.net 00:00:52.53]       Actual:   False
[xUnit.net 00:00:52.53]       Stack Trace:
[xUnit.net 00:00:52.53]         C:\Users\endim\LLMGameCreator\tests\LLMGameCreator.Tests\Application\OfflineGeoworldUnityPlayModeTravelPreview\OfflineGeoworldUnityPlayModeTravelPreviewTests.cs(144,0): at LLMGameCreator.Tests.Application.OfflineGeoworldUnityPlayModeTravelPreview.OfflineGeoworldUnityPlayModeTravelPreviewTests.EvidenceIsDeterministicAndSourceHealthClean()
[xUnit.net 00:00:52.53]         --- End of stack trace from previous location ---
  Passed LLMGameCreator.Tests.Application.Procedural.ProceduralGameKernelServiceTests.SameSeedAndProfileProduceByteIdenticalJsonAndMarkdown [< 1 ms]
  Passed LLMGameCreator.Tests.Application.Procedural.ProceduralGameKernelServiceTests.GeneratedReferencesAndMarkdownSummaryAreDeterministicAndRuntimeFacing [1 ms]
  Passed LLMGameCreator.Tests.Application.Procedural.ProceduralGameKernelServiceTests.InvalidSeedModeAndUnsafeIdsReturnDiagnosticsInsteadOfThrowing [1 ms]
  Passed LLMGameCreator.Tests.Application.MultiFamilyGeneratedTemplateVerticalSlice.MultiFamilyGeneratedTemplateInvalidMatrixTests.InvalidFakeAndLeakMatrixHasStableCausalDiagnostics [242 ms]
  Passed LLMGameCreator.Tests.Application.RuntimePreview.OneClickGeneratedPreviewWorkflowServiceTests.OneClickGeneratedPreviewWorkflowProducesArtifactsAndLoadsCurrentPackage [51 ms]
  Passed LLMGameCreator.Tests.Application.RuntimePreview.OneClickGeneratedPreviewWorkflowServiceTests.OneClickGeneratedPreviewWorkflowCanDeferCurrentPackageReplacementToCaller [22 ms]
  Passed LLMGameCreator.Tests.Application.RuntimePreview.OneClickGeneratedPreviewWorkflowServiceTests.OneClickGeneratedPreviewWorkflowRejectsConcurrentRun [22 ms]
  Failed LLMGameCreator.Tests.Application.OfflineGeoworldUnityPlayModeTravelPreview.OfflineGeoworldUnityPlayModeTravelPreviewTests.WorkspaceGroupSurfacesPlayModeTravelReadiness [707 ms]
  Error Message:
   Assert.True() Failure
Expected: True
Actual:   False
  Stack Trace:
     at LLMGameCreator.Tests.Application.OfflineGeoworldUnityPlayModeTravelPreview.OfflineGeoworldUnityPlayModeTravelPreviewTests.WorkspaceGroupSurfacesPlayModeTravelReadiness() in C:\Users\endim\LLMGameCreator\tests\LLMGameCreator.Tests\Application\OfflineGeoworldUnityPlayModeTravelPreview\OfflineGeoworldUnityPlayModeTravelPreviewTests.cs:line 113
--- End of stack trace from previous location ---
  Failed LLMGameCreator.Tests.Application.OfflineGeoworldUnityPlayModeTravelPreview.OfflineGeoworldUnityPlayModeTravelPreviewTests.EvidenceIsDeterministicAndSourceHealthClean [142 ms]
  Error Message:
   Assert.True() Failure
Expected: True
Actual:   False
  Stack Trace:
     at LLMGameCreator.Tests.Application.OfflineGeoworldUnityPlayModeTravelPreview.OfflineGeoworldUnityPlayModeTravelPreviewTests.EvidenceIsDeterministicAndSourceHealthClean() in C:\Users\endim\LLMGameCreator\tests\LLMGameCreator.Tests\Application\OfflineGeoworldUnityPlayModeTravelPreview\OfflineGeoworldUnityPlayModeTravelPreviewTests.cs:line 144
--- End of stack trace from previous location ---
[xUnit.net 00:00:52.68]       Assert.True() Failure
[xUnit.net 00:00:52.68]       Expected: True
[xUnit.net 00:00:52.68]       Actual:   False
[xUnit.net 00:00:52.68]       Stack Trace:
[xUnit.net 00:00:52.68]         C:\Users\endim\LLMGameCreator\tests\LLMGameCreator.Tests\Application\OfflineGeoworldUnityPlayModeTravelPreview\OfflineGeoworldUnityPlayModeTravelPreviewTests.cs(19,0): at LLMGameCreator.Tests.Application.OfflineGeoworldUnityPlayModeTravelPreview.OfflineGeoworldUnityPlayModeTravelPreviewTests.ServiceBuildsPlayModeTravelPayloadAndEvidence()
[xUnit.net 00:00:52.68]         --- End of stack trace from previous location ---
  Passed LLMGameCreator.Tests.Application.OfflineGeoworldUnityPlayModeTravelPreview.OfflineGeoworldUnityPlayModeTravelPreviewTests.SimulatedExecutionProofCoversTravelVisibilityAndSafety [72 ms]
  Failed LLMGameCreator.Tests.Application.OfflineGeoworldUnityPlayModeTravelPreview.OfflineGeoworldUnityPlayModeTravelPreviewTests.ServiceBuildsPlayModeTravelPayloadAndEvidence [75 ms]
  Error Message:
   Assert.True() Failure
Expected: True
Actual:   False
  Stack Trace:
     at LLMGameCreator.Tests.Application.OfflineGeoworldUnityPlayModeTravelPreview.OfflineGeoworldUnityPlayModeTravelPreviewTests.ServiceBuildsPlayModeTravelPayloadAndEvidence() in C:\Users\endim\LLMGameCreator\tests\LLMGameCreator.Tests\Application\OfflineGeoworldUnityPlayModeTravelPreview\OfflineGeoworldUnityPlayModeTravelPreviewTests.cs:line 19
--- End of stack trace from previous location ---
  Passed LLMGameCreator.Tests.Application.OfflineGeoworldUnityPlayModeTravelPreview.OfflineGeoworldUnityPlayModeTravelPreviewTests.NegativeProofAndGoal102BClosureCoverRequiredRisks [65 ms]
  Passed LLMGameCreator.Tests.Application.SelectedRuntimeVariantPlayerAdapter.SelectedRuntimeVariantPlayerAdapterValidatorTests.RejectsSelectedPackageHashMismatch [35 ms]
  Passed LLMGameCreator.Tests.Application.SelectedRuntimeVariantPlayerAdapter.SelectedRuntimeVariantPlayerAdapterValidatorTests.ValidatesAuthoritativeGoal142SelectedHandoff [2 ms]
  Passed LLMGameCreator.Tests.Application.SelectedRuntimeVariantPlayerAdapter.SelectedRuntimeVariantPlayerAdapterValidatorTests.RejectsRerunFinalStateHashMismatch [3 ms]
  Passed LLMGameCreator.Tests.Application.Procedural.TinyGeneratedRuntimeLoopServiceTests.MissingRefsAndUnsupportedTypesProduceDiagnosticsInsteadOfThrowing [2 ms]
  Passed LLMGameCreator.Tests.Application.Procedural.TinyGeneratedRuntimeLoopServiceTests.SuccessfulLoopAppliesEffectsAndMutatesTinyRuntimeState [1 ms]
  Passed LLMGameCreator.Tests.Application.Procedural.TinyGeneratedRuntimeLoopServiceTests.SamePlanAndRulePackProduceByteIdenticalStateAndReports [1 ms]
  Passed LLMGameCreator.Tests.Application.ProductLineRuntimeVariantMatrix.ProductLineRuntimeVariantMatrixOperatorRunnerTests.FailedGenerationRestoresPreviousArtifactsByteForByte [23 ms]
  Passed LLMGameCreator.Tests.Application.ProductLineRuntimeVariantMatrix.ProductLineRuntimeVariantMatrixOperatorRunnerTests.SuccessfulGenerationRemovesStaleArtifactsAndKeepsNewMatrix [18 ms]
  Passed LLMGameCreator.Tests.Design.GeneratorPlanStrictLlmArtifactRepairPromptBuilderTests.BuildRepairPromptIncludesRepairGuidance [1 ms]
  Passed LLMGameCreator.Tests.Design.GeneratorPlanStrictLlmArtifactRepairPromptBuilderTests.BuildRepairPromptForbidsMarkdownAndProse [< 1 ms]
  Passed LLMGameCreator.Tests.Design.GeneratorPlanStrictLlmArtifactRepairPromptBuilderTests.BuildRepairPromptThrowsOnNullOriginalPrompt [< 1 ms]
  Passed LLMGameCreator.Tests.Design.GeneratorPlanStrictLlmArtifactRepairPromptBuilderTests.BuildRepairPromptContainsContractId [< 1 ms]
  Passed LLMGameCreator.Tests.Design.GeneratorPlanStrictLlmArtifactRepairPromptBuilderTests.BuildRepairPromptThrowsOnNullDiagnostics [< 1 ms]
  Passed LLMGameCreator.Tests.Design.GeneratorPlanStrictLlmArtifactRepairPromptBuilderTests.BuildRepairPromptTruncatesOverlongInvalidResponse [349 ms]
  Passed LLMGameCreator.Tests.Design.GeneratorPlanStrictLlmArtifactRepairPromptBuilderTests.BuildRepairPromptPreservesContractIdAndDoesNotAskToRedesignSelectedVariants [< 1 ms]
  Passed LLMGameCreator.Tests.Design.GeneratorPlanStrictLlmArtifactRepairPromptBuilderTests.BuildRepairPromptIncludesRepairAttemptIndex [< 1 ms]
  Passed LLMGameCreator.Tests.Design.GeneratorPlanStrictLlmArtifactRepairPromptBuilderTests.BuildRepairPromptThrowsOnNullContract [< 1 ms]
  Passed LLMGameCreator.Tests.Design.GeneratorPlanStrictLlmArtifactRepairPromptBuilderTests.BuildRepairPromptContainsExactOutputSchema [< 1 ms]
  Passed LLMGameCreator.Tests.Design.GeneratorPlanStrictLlmArtifactRepairPromptBuilderTests.BuildRepairPromptContainsSerializedDiagnostics [< 1 ms]
  Passed LLMGameCreator.Tests.Design.GeneratorPlanStrictLlmArtifactRepairPromptBuilderTests.BuildRepairPromptForbidsPackageMutation [< 1 ms]
  Passed LLMGameCreator.Tests.ProductSmoke.DeterministicVisualMapPatchComposerProductSmokeTests.Goal087DeterministicVisualMapPatchComposerProductSmoke [258 ms]
  Passed LLMGameCreator.Tests.Design.GeneratorPlanDraftExecutionPipelineTests.PlannerCreatesDeterministicDraftPlanStepIdsArtifactsAndApproval [1 ms]
  Passed LLMGameCreator.Tests.Design.GeneratorPlanDraftExecutionPipelineTests.PlannerMarksStepsBlockedWhenExecutionContractsAreMissingAndCanDisableApproval [< 1 ms]
  Passed LLMGameCreator.Tests.Design.GeneratorPlanDraftExecutionPipelineTests.ValidatorAcceptsValidPlanAndReportsErrorsWarningsDeterministically [< 1 ms]
  Passed LLMGameCreator.Tests.Design.GeneratorPlanDraftExecutionPipelineTests.ValidatorReportsNoStepsAndPolicyMapsWarningsOnly [3 ms]
  Passed LLMGameCreator.Tests.Design.GeneratorPlanDraftExecutionPipelineTests.ServiceCreatesDraftFromPreviewAndExamplePathAndCanSkipMarkdown [3 ms]
  Passed LLMGameCreator.Tests.Design.GeneratorPlanDraftExecutionPipelineTests.ServiceReturnsInvalidWhenPreviewInvalid [3 ms]
  Passed LLMGameCreator.Tests.Design.GeneratorPlanDraftExecutionPipelineTests.ReaderReturnsEmptySavedArtifactsAndWorksWhenMarkdownMissing [30 ms]
  Passed LLMGameCreator.Tests.Design.GeneratorPlanDraftExecutionPipelineTests.MarkdownRendererRendersSummaryStepsDiagnosticsAndEscapesCells [< 1 ms]
  Passed LLMGameCreator.Tests.Design.GeneratorPlanDraftExecutionPipelineTests.ArtifactServiceSavesResultMarkdownValidationAndSupportsIdempotenceCustomIdsAndNoMarkdown [57 ms]
  Passed LLMGameCreator.Tests.Application.EditDrivenPlayableReviewPackageMaterialization.EditDrivenPlayableReviewPackageMaterializationQualityGateTests.QualityGateRejectsMissingTargetsReportOnlySmokeAndParentMissingBind [11 ms]
  Passed LLMGameCreator.Tests.Application.EditDrivenPlayableReviewPackageMaterialization.EditDrivenPlayableReviewPackageMaterializationQualityGateTests.QualityGateScansGoal077FilesAndAlphaBootstrapWithoutBloat [16 ms]
  Passed LLMGameCreator.Tests.Application.SemanticArtifactContracts.SemanticArtifactContractRegistryTests.SemanticPacksContainThreeDeterministicScenarios [1 ms]
  Passed LLMGameCreator.Tests.Application.SemanticArtifactContracts.SemanticArtifactContractRegistryTests.EvidenceArtifactsAreWrittenAndInspectable [51 ms]
  Passed LLMGameCreator.Tests.Application.SemanticArtifactContracts.SemanticArtifactContractRegistryTests.RegistrySeedValidatesAndCoversFullGeneratorSpine [1 ms]
  Passed LLMGameCreator.Tests.Application.SemanticArtifactContracts.SemanticArtifactContractRegistryTests.DependencyOrderIsStableAndPlacesDependenciesBeforeConsumers [< 1 ms]
  Passed LLMGameCreator.Tests.Design.GeneratorPlanDraftArtifactApprovalPipelineTests.ReaderReturnsEmptySavedArtifactsValidationWorklistAndWorksWhenMarkdownMissing [25 ms]
  Passed LLMGameCreator.Tests.Design.GeneratorPlanDraftArtifactApprovalPipelineTests.ValidatorAndPolicyReportErrorsWarningsAndValidationResults [2 ms]
  Passed LLMGameCreator.Tests.Design.GeneratorPlanDraftArtifactApprovalPipelineTests.ServiceAppliesExplicitApproveRejectRepairDecisions [1 ms]
  Passed LLMGameCreator.Tests.Design.GeneratorPlanDraftArtifactApprovalPipelineTests.ArtifactServiceSavesStagingMarkdownApprovedSetValidationAndIsIdempotent [30 ms]
  Passed LLMGameCreator.Tests.Design.GeneratorPlanDraftArtifactApprovalPipelineTests.ServiceKeepsBlockedArtifactsBlockedWithoutDecision [< 1 ms]
  Passed LLMGameCreator.Tests.Design.GeneratorPlanDraftArtifactApprovalPipelineTests.MarkdownRendererRendersWorklistApprovedSetRejectedRepairDiagnosticsAndEscapesCells [< 1 ms]
  Passed LLMGameCreator.Tests.Design.GeneratorPlanDraftArtifactApprovalPipelineTests.ArtifactServiceSupportsCustomArtifactIdsAndSkipsMarkdownWhenDisabled [18 ms]
  Passed LLMGameCreator.Tests.Design.GeneratorPlanDraftArtifactApprovalPipelineTests.ServiceCreatesPendingSnapshotFromProductionResult [< 1 ms]
  Passed LLMGameCreator.Tests.Design.GeneratorPlanDraftArtifactApprovalPipelineTests.MarkdownRendererTruncatesLongJsonPreview [< 1 ms]
  Passed LLMGameCreator.Tests.Design.GeneratorPlanDraftArtifactApprovalPipelineTests.ServiceAutoApprovesValidArtifactsWhenRequested [< 1 ms]
  Passed LLMGameCreator.Tests.Design.GeneratorPlanDraftArtifactApprovalPipelineTests.ServiceCreatesSnapshotFromExamplePathAndCanSkipMarkdownRendering [3 ms]
  Passed LLMGameCreator.Tests.Application.VisualAssetContractRatingMetadata.VisualAssetContractRatingMetadataValidatorTests.NegativeProofRejectsUnsafeFakeAndMissingCases [22 ms]
  Passed LLMGameCreator.Tests.Application.VisualAssetContractRatingMetadata.VisualAssetContractRatingMetadataValidatorTests.DefaultMetadataOnlyContractPassesRequiredFixtureCoverage [3 ms]
  Passed LLMGameCreator.Tests.ProductSmoke.GeneratorSpineQualityConsolidationProductSmokeTests.Goal072GeneratorSpineQualityConsolidationEvidenceIsProducedForReview [1 s]
  Passed LLMGameCreator.Tests.ProductSmoke.PackageAssemblyItemsEconomyCraftingSmokeTests.PackageAssemblyItemsEconomyCraftingProductSmoke [93 ms]
  Passed LLMGameCreator.Tests.Application.GeneratorSpineQualityConsolidation.GeneratorSpineQualityRiskClassifierTests.LargeFileRiskClassificationIsDeterministic [1 ms]
  Passed LLMGameCreator.Tests.ProductSmoke.RichPackageAssemblyCoverageAuditSmokeTests.RichPackageAssemblyCoverageAuditProductSmoke [77 ms]
  Passed LLMGameCreator.Tests.Application.ProductLineInteractiveSessionMatrix.ProductLineInteractiveSessionMatrixScriptProof.Run_goal145_application_matrix_from_script_environment [< 1 ms]
  Passed LLMGameCreator.Tests.Application.ContentLanguagePolicyTests.DefaultPolicySupportsRequiredLanguagesAndRussianPromptInstruction [< 1 ms]
  Passed LLMGameCreator.Tests.Application.ContentLanguagePolicyTests.DiagnosticsWarnForEnglishPlayerTextButIgnoreTechnicalIds [< 1 ms]
  Passed LLMGameCreator.Tests.Application.ContentLanguagePolicyTests.ProjectPolicyRoundTripsThroughProjectSettingsFolder [9 ms]
  Passed LLMGameCreator.Tests.Application.ContentLanguagePolicyTests.PresenterRequestAndPromptUseSelectedContentLanguage [< 1 ms]
  Passed LLMGameCreator.Tests.Application.UnifiedGameProjectWorkspace.Goal150AParameterizedRuntimeContractSynchronizationTests.Binding_contract_fingerprint_changes_invalidate_only_the_affected_module_closure [517 ms]
  Passed LLMGameCreator.Tests.Application.UnifiedGameProjectWorkspace.Goal150AParameterizedRuntimeContractSynchronizationTests.Custom_3_8_2_12_workspace_build_persists_reopens_and_rebuilds_deterministically [318 ms]
  Passed LLMGameCreator.Tests.Application.UnifiedGameProjectWorkspace.Goal150AParameterizedRuntimeContractSynchronizationTests.Effective_binding_contract_rejects_invalid_targets_references_arithmetic_and_cycles [6 ms]
  Passed LLMGameCreator.Tests.Application.UnifiedGameProjectWorkspace.Goal150AParameterizedRuntimeContractSynchronizationTests.Parameter_matrix_drives_exact_package_action_and_Runtime_effect_values [322 ms]
  Passed LLMGameCreator.Tests.Application.UnifiedGameProjectWorkspace.Goal150AParameterizedRuntimeContractSynchronizationTests.Two_stat_scaled_abilities_keep_basic_attack_execution_and_event_bound_summary_unambiguous [18 ms]
[xUnit.net 00:00:57.42]       goal092.proof.failed [goal103.quality_gate] Required visual preview proof is missing or did not pass.
[xUnit.net 00:00:57.42]       goal092.proof.failed [goal105.quality_gate] Required visual preview proof is missing or did not pass.
[xUnit.net 00:00:57.42]       goal092.proof.failed [goal107.quality_gate] Required visual preview proof is missing or did not pass.
[xUnit.net 00:00:57.42]       goal092.proof.failed [goal116.manual_gate.human_accepted] Required visual preview proof is missing or did not pass.
[xUnit.net 00:00:57.42]       goal092.proof.failed [goal116.manual_gate.quality_gate] Required visual preview proof is missing or did not pass.
[xUnit.net 00:00:57.42]       goal092.proof.failed [goal117.continuation.quality_gate] Required visual preview proof is missing or did not pass.
[xUnit.net 00:00:57.42]       goal092.quality.proofs_failed [proofStatus] Visual world stream preview workspace quality gate did not pass.
[xUnit.net 00:00:57.42]       goal103.quality.quality_gate [proofStatus] Visual world stream preview workspace quality gate did not pass.
[xUnit.net 00:00:57.42]       goal103.workspace.summary_failed [offline_geoworld_playmode_travel] Visual world stream preview workspace quality gate did not pass.
[xUnit.net 00:00:57.42]       goal105.quality.quality_gate [proofStatus] Visual world stream preview workspace quality gate did not pass.
[xUnit.net 00:00:57.42]       goal105.workspace.summary_failed [offline_geoworld_interactions] Visual world stream preview workspace quality gate did not pass.
[xUnit.net 00:00:57.42]       goal107.quality.quality_gate [proofStatus] Visual world stream preview workspace quality gate did not pass.
[xUnit.net 00:00:57.42]       goal107.workspace.summary_failed [offline_geoworld_objective_acceptance] Visual world stream preview workspace quality gate did not pass.
[xUnit.net 00:00:57.42]       goal116.quality.human_accepted [offline_geoworld_alpha_manual_gate_acceptance_record] Visual world stream preview workspace quality gate did not pass.
[xUnit.net 00:00:57.42]       goal116.quality.manual_gate_status [offline_geoworld_alpha_manual_gate_acceptance_record] Visual world stream preview workspace quality gate did not pass.
[xUnit.net 00:00:57.42]       goal116.quality.manual_result_sha [offline_geoworld_alpha_manual_gate_acceptance_record] Visual world stream preview workspace quality gate did not pass.
[xUnit.net 00:00:57.42]       goal116.quality.quality_gate [proofStatus] Visual world stream preview workspace quality gate did not pass.
[xUnit.net 00:00:57.42]       goal116.workspace.summary_failed [offline_geoworld_alpha_manual_gate_acceptance_record] Visual world stream preview workspace quality gate did not pass.
[xUnit.net 00:00:57.42]       Stack Trace:
[xUnit.net 00:00:57.42]         C:\Users\endim\LLMGameCreator\tests\LLMGameCreator.Tests\Application\OfflineGeoworldAlphaSliceManualAcceptanceGate\OfflineGeoworldAlphaSliceManualAcceptanceGateTests.cs(59,0): at LLMGameCreator.Tests.Application.OfflineGeoworldAlphaSliceManualAcceptanceGate.OfflineGeoworldAlphaSliceManualAcceptanceGateTests.BuildAndWriteCreatesManualAcceptancePayloadEvidenceAndWorkspaceGroup()
[xUnit.net 00:00:57.42]         --- End of stack trace from previous location ---
  Failed LLMGameCreator.Tests.Application.OfflineGeoworldAlphaSliceManualAcceptanceGate.OfflineGeoworldAlphaSliceManualAcceptanceGateTests.BuildAndWriteCreatesManualAcceptancePayloadEvidenceAndWorkspaceGroup [698 ms]
  Error Message:
   goal092.proof.failed [goal103.quality_gate] Required visual preview proof is missing or did not pass.
goal092.proof.failed [goal105.quality_gate] Required visual preview proof is missing or did not pass.
goal092.proof.failed [goal107.quality_gate] Required visual preview proof is missing or did not pass.
goal092.proof.failed [goal116.manual_gate.human_accepted] Required visual preview proof is missing or did not pass.
goal092.proof.failed [goal116.manual_gate.quality_gate] Required visual preview proof is missing or did not pass.
goal092.proof.failed [goal117.continuation.quality_gate] Required visual preview proof is missing or did not pass.
goal092.quality.proofs_failed [proofStatus] Visual world stream preview workspace quality gate did not pass.
goal103.quality.quality_gate [proofStatus] Visual world stream preview workspace quality gate did not pass.
goal103.workspace.summary_failed [offline_geoworld_playmode_travel] Visual world stream preview workspace quality gate did not pass.
goal105.quality.quality_gate [proofStatus] Visual world stream preview workspace quality gate did not pass.
goal105.workspace.summary_failed [offline_geoworld_interactions] Visual world stream preview workspace quality gate did not pass.
goal107.quality.quality_gate [proofStatus] Visual world stream preview workspace quality gate did not pass.
goal107.workspace.summary_failed [offline_geoworld_objective_acceptance] Visual world stream preview workspace quality gate did not pass.
goal116.quality.human_accepted [offline_geoworld_alpha_manual_gate_acceptance_record] Visual world stream preview workspace quality gate did not pass.
goal116.quality.manual_gate_status [offline_geoworld_alpha_manual_gate_acceptance_record] Visual world stream preview workspace quality gate did not pass.
goal116.quality.manual_result_sha [offline_geoworld_alpha_manual_gate_acceptance_record] Visual world stream preview workspace quality gate did not pass.
goal116.quality.quality_gate [proofStatus] Visual world stream preview workspace quality gate did not pass.
goal116.workspace.summary_failed [offline_geoworld_alpha_manual_gate_acceptance_record] Visual world stream preview workspace quality gate did not pass.
  Stack Trace:
     at LLMGameCreator.Tests.Application.OfflineGeoworldAlphaSliceManualAcceptanceGate.OfflineGeoworldAlphaSliceManualAcceptanceGateTests.BuildAndWriteCreatesManualAcceptancePayloadEvidenceAndWorkspaceGroup() in C:\Users\endim\LLMGameCreator\tests\LLMGameCreator.Tests\Application\OfflineGeoworldAlphaSliceManualAcceptanceGate\OfflineGeoworldAlphaSliceManualAcceptanceGateTests.cs:line 59
--- End of stack trace from previous location ---
  Passed LLMGameCreator.Tests.Application.OfflineGeoworldAlphaSliceManualAcceptanceGate.OfflineGeoworldAlphaSliceManualAcceptanceGateTests.NegativeProofCoversRequiredManualAcceptanceFailureClasses [27 ms]
  Passed LLMGameCreator.Tests.Application.RuntimeChunkDeltaTraversal.RuntimeChunkInvalidMatrixTests.InvalidFakeAndLeakMatrixGivesCausalDiagnostics [68 ms]
  Passed LLMGameCreator.Tests.Application.World.ConnectedWorldTravelAcceptanceTests.BuildsStableAcceptedConnectedWorldTravelArtifacts [17 ms]
  Passed LLMGameCreator.Tests.Application.World.ConnectedWorldTravelAcceptanceTests.VariableMapsHaveDistinctExactDimensionsOrSignatures [5 ms]
  Passed LLMGameCreator.Tests.Application.World.ConnectedWorldTravelAcceptanceTests.SaveLoadRestoresExactTravelWorldAndChunkEvidence [4 ms]
  Passed LLMGameCreator.Tests.Application.World.ConnectedWorldTravelAcceptanceTests.GraphReachabilityCoversAllRequiredRegions [3 ms]
  Passed LLMGameCreator.Tests.Application.World.ConnectedWorldTravelAcceptanceTests.BoundedChunkIdsAreDeterministicAndRuntimeDeltasPersist [6 ms]
  Passed LLMGameCreator.Tests.Application.World.ConnectedWorldTravelAcceptanceTests.ValidRouteStepsReferenceConnectionsAndDestinationMapBindings [3 ms]
  Passed LLMGameCreator.Tests.Application.World.ConnectedWorldTravelAcceptanceTests.TravelRuntimeChangesCurrentRegionAndMapThroughRuntimeOwnedState [3 ms]
  Passed LLMGameCreator.Tests.Application.World.ConnectedWorldTravelAcceptanceTests.RuntimeDeltasAreNotAcceptedAsSourcePackageContent [3 ms]
  Passed LLMGameCreator.Tests.Application.World.ConnectedWorldTravelAcceptanceTests.InvalidTravelIsRejectedWithoutWeakeningValidScenarioAcceptance [3 ms]
  Passed LLMGameCreator.Tests.Application.World.ConnectedWorldTravelAcceptanceTests.InvalidScenariosAreRejectedByStableDiagnosticsAndDoNotExecuteRuntime [3 ms]
  Passed LLMGameCreator.Tests.ProductSmoke.BaselineStrictArtifactsPackageAssemblySmokeTests.BaselineFixtureContainsAllStrictContractsWithoutProviderMetadata [< 1 ms]
  Passed LLMGameCreator.Tests.ProductSmoke.BaselineStrictArtifactsPackageAssemblySmokeTests.BaselineStrictArtifactsPackageAssemblySmoke [12 ms]
  Passed LLMGameCreator.Tests.ProductSmoke.SemanticCatalogFoundationSmokeTests.SemanticCatalogFoundationProductSmoke [30 ms]
  Passed LLMGameCreator.Tests.Application.VisualWorldStreamPreviewWorkspace.VisualWorldStreamPreviewWorkspaceGoal129Tests.Goal129GamePackageCandidateMatrixSurfacesInWorkspaceAndUiBinding [623 ms]
  Passed LLMGameCreator.Tests.ProductSmoke.SchemaDrivenCampaignEditValidateApplyLoopProductSmokeTests.Goal075SchemaDrivenCampaignEditValidateApplyLoopEvidenceIsProducedForReview [74 ms]
[xUnit.net 00:00:58.38]       Assert.Equal() Failure: Strings differ
[xUnit.net 00:00:58.38]                  ↓ (pos 0)
[xUnit.net 00:00:58.38]       Expected: "GREEN"
[xUnit.net 00:00:58.38]       Actual:   "BLOCKED"
[xUnit.net 00:00:58.38]                  ↑ (pos 0)
[xUnit.net 00:00:58.38]       Stack Trace:
[xUnit.net 00:00:58.38]         C:\Users\endim\LLMGameCreator\tests\LLMGameCreator.Tests\Application\OfflineGeoworldAcceptedAlphaBaselineReview\OfflineGeoworldAcceptedAlphaBaselineReviewTests.cs(16,0): at LLMGameCreator.Tests.Application.OfflineGeoworldAcceptedAlphaBaselineReview.OfflineGeoworldAcceptedAlphaBaselineReviewTests.RepositoryBaselineReviewIsGreenAndReady()
[xUnit.net 00:00:58.38]            at System.RuntimeMethodHandle.InvokeMethod(Object target, Void** arguments, Signature sig, Boolean isConstructor)
[xUnit.net 00:00:58.38]            at System.Reflection.MethodBaseInvoker.InvokeWithNoArgs(Object obj, BindingFlags invokeAttr)
  Passed LLMGameCreator.Tests.Application.SemanticAuthoringIntentResolver.FeatureDrivenIntentResolverTests.IntentsKeepTracesAndDoNotGenerateFinalContent [1 ms]
  Passed LLMGameCreator.Tests.Application.SemanticAuthoringIntentResolver.FeatureDrivenIntentResolverTests.ResolverProducesDistinctComparableIntentPlansForAllScenarios [4 ms]
  Passed LLMGameCreator.Tests.Application.OfflineGeoworldAcceptedAlphaBaselineReview.OfflineGeoworldAcceptedAlphaBaselineReviewTests.NegativeProofRejectsForbiddenBaselineExpansion [32 ms]
  Passed LLMGameCreator.Tests.Application.OfflineGeoworldAcceptedAlphaBaselineReview.OfflineGeoworldAcceptedAlphaBaselineReviewTests.BaselineReviewDoesNotRequireLocalManualResultToExist [23 ms]
  Failed LLMGameCreator.Tests.Application.OfflineGeoworldAcceptedAlphaBaselineReview.OfflineGeoworldAcceptedAlphaBaselineReviewTests.RepositoryBaselineReviewIsGreenAndReady [3 ms]
  Error Message:
   Assert.Equal() Failure: Strings differ
           ↓ (pos 0)
Expected: "GREEN"
Actual:   "BLOCKED"
           ↑ (pos 0)
  Stack Trace:
     at LLMGameCreator.Tests.Application.OfflineGeoworldAcceptedAlphaBaselineReview.OfflineGeoworldAcceptedAlphaBaselineReviewTests.RepositoryBaselineReviewIsGreenAndReady() in C:\Users\endim\LLMGameCreator\tests\LLMGameCreator.Tests\Application\OfflineGeoworldAcceptedAlphaBaselineReview\OfflineGeoworldAcceptedAlphaBaselineReviewTests.cs:line 16
   at System.RuntimeMethodHandle.InvokeMethod(Object target, Void** arguments, Signature sig, Boolean isConstructor)
   at System.Reflection.MethodBaseInvoker.InvokeWithNoArgs(Object obj, BindingFlags invokeAttr)
  Passed LLMGameCreator.Tests.Application.OfflineGeoworldAcceptedAlphaBaselineReview.OfflineGeoworldAcceptedAlphaBaselineReviewTests.MissingGoal116AcceptedEvidenceBlocksBaselineReview [11 ms]
  Passed LLMGameCreator.Tests.JsonStorageEncodingTests.JsonAppSettingsRepository_SavesReadableCyrillic [12 ms]
  Passed LLMGameCreator.Tests.JsonStorageEncodingTests.JsonGamePackageRepository_SavesReadableCyrillic [10 ms]
  Passed LLMGameCreator.Tests.Devflow.RunCapabilityRuntimeEquipmentSliceScriptTests.Goal149_runner_is_bounded_in_process_and_requires_green_unaccepted_dashboard [< 1 ms]
  Passed LLMGameCreator.Tests.Application.EditDrivenSpineQualityConsolidation.EditDrivenSpineQualityConsolidationTests.SourceHealthScanRejectsZeroLfOnePhysicalLineSourceBytes [14 ms]
  Passed LLMGameCreator.Tests.Application.EditDrivenSpineQualityConsolidation.EditDrivenSpineQualityConsolidationTests.ServiceBuildsGreenConsolidationFromCurrentGoal074To078Artifacts [30 ms]
  Passed LLMGameCreator.Tests.Application.EditDrivenSpineQualityConsolidation.EditDrivenSpineQualityConsolidationTests.ServiceBlocksWhenRequiredGoal078ProofArtifactIsMissing [24 ms]
  Passed LLMGameCreator.Tests.Application.EditDrivenSpineQualityConsolidation.EditDrivenSpineQualityConsolidationTests.SourceHealthScanRejectsCrOnlyNoLfSourceBytes [9 ms]
  Passed LLMGameCreator.Tests.Application.EditDrivenSpineQualityConsolidation.EditDrivenSpineQualityConsolidationTests.NegativeProofIndexIncludesRequiredGoal078RejectionFamilies [20 ms]
  Passed LLMGameCreator.Tests.Application.EditDrivenSpineQualityConsolidation.EditDrivenSpineQualityConsolidationTests.WorkspaceActivationBindsGoal079DashboardThroughParentPath [311 ms]
  Passed LLMGameCreator.Tests.Application.EditDrivenSpineQualityConsolidation.EditDrivenSpineQualityConsolidationTests.ServiceBlocksWhenGoal078NegativeProofIsReportOnlyOrFake [22 ms]
  Passed LLMGameCreator.Tests.Application.EditDrivenSpineQualityConsolidation.EditDrivenSpineQualityConsolidationTests.QualityGateScannerRejectsDashboardDesignerTabWithoutParentBind [18 ms]
  Passed LLMGameCreator.Tests.Application.EditDrivenSpineQualityConsolidation.EditDrivenSpineQualityConsolidationTests.SourceHealthScanCatchesMinifiedOverlongAndGodFormInputs [11 ms]
  Passed LLMGameCreator.Tests.Application.HybridDraftLuaExpansion.HybridDraftLuaEvidenceTests.EvidenceBuildIsDeterministicAndKeepsManualGateRequired [190 ms]
  Passed LLMGameCreator.Tests.Application.HybridDraftLuaExpansion.HybridDraftLuaEvidenceTests.EvidenceArtifactsAreWrittenAndParse [109 ms]
  Passed LLMGameCreator.Tests.Application.WorldScaleRegionMapFoundation.ChunkedWorldConfigPreludeTests.ChunkConfigCoversEveryFiniteMapRegionBinding [1 ms]
  Passed LLMGameCreator.Tests.Application.DynamicSemanticFeatures.DynamicSemanticFeatureResolverTests.FourScenariosProduceMeaningfullyDifferentOutputsAndMetamoduleUsesSpeciesArchetypeFamilies [2 ms]
  Passed LLMGameCreator.Tests.Application.DynamicSemanticFeatures.DynamicSemanticFeatureResolverTests.InheritanceOrderOverridesAndInfluenceTracesAreRecorded [< 1 ms]
  Passed LLMGameCreator.Tests.Application.DynamicSemanticFeatures.DynamicSemanticFeatureResolverTests.SameInputResolvesDeterministically [< 1 ms]
  Passed LLMGameCreator.Tests.Application.DynamicSemanticFeatures.DynamicSemanticFeatureResolverTests.OptionalOrInapplicableMoodAndFactionAbsenceCanBeValid [< 1 ms]
  Passed LLMGameCreator.Tests.ProductSmoke.UnityTargetContractSmokeTests.UnityTargetContractProductSmoke [4 ms]
  Passed LLMGameCreator.Tests.Design.AtlasRegistryPipelineServiceTests.PipelineCanRunPreviewAndWriteReportFiles [21 ms]
[xUnit.net 00:00:59.42]       Assert.True() Failure
[xUnit.net 00:00:59.42]       Expected: True
[xUnit.net 00:00:59.42]       Actual:   False
[xUnit.net 00:00:59.42]       Stack Trace:
[xUnit.net 00:00:59.42]         C:\Users\endim\LLMGameCreator\tests\LLMGameCreator.Tests\Application\OfflineGeoworldInteractionPlayableProbe\OfflineGeoworldInteractionPlayableProbeTests.cs(19,0): at LLMGameCreator.Tests.Application.OfflineGeoworldInteractionPlayableProbe.OfflineGeoworldInteractionPlayableProbeTests.ServiceBuildsInteractionPayloadAndEvidence()
[xUnit.net 00:00:59.42]         --- End of stack trace from previous location ---
  Passed LLMGameCreator.Tests.Design.AtlasRegistryPipelineServiceTests.PipelineCanRunPreviewOnly [8 ms]
  Passed LLMGameCreator.Tests.Design.AtlasRegistryPipelineServiceTests.PipelineCanRunPreviewAndPersistArtifacts [27 ms]
  Passed LLMGameCreator.Tests.Application.StrictLlmDraftArtifactLoop.StrictLlmDraftArtifactLoopCatalogTests.DraftFamilyCatalogIsDeterministicAndForbidsDialogueFinalProse [2 ms]
  Passed LLMGameCreator.Tests.ProductSmoke.CapabilityBundlePipelineInputsSmokeTests.CapabilityBundlePipelineInputsProductSmoke [82 ms]
  Passed LLMGameCreator.Tests.Application.DeterministicVisualMapPatchComposer.DeterministicVisualMapPatchComposerValidatorTests.DefaultMapPatchRequestPassesRequiredFixtureCoverage [6 ms]
  Passed LLMGameCreator.Tests.Application.DeterministicVisualMapPatchComposer.DeterministicVisualMapPatchComposerValidatorTests.ReferencedMicrotilesAllExistInGoal086Catalog [1 ms]
  Passed LLMGameCreator.Tests.Application.DeterministicVisualMapPatchComposer.DeterministicVisualMapPatchComposerValidatorTests.NegativeProofRejectsUnsafeFakeAndIncompatibleCases [19 ms]
  Failed LLMGameCreator.Tests.Application.OfflineGeoworldInteractionPlayableProbe.OfflineGeoworldInteractionPlayableProbeTests.ServiceBuildsInteractionPayloadAndEvidence [43 ms]
  Error Message:
   Assert.True() Failure
Expected: True
Actual:   False
  Stack Trace:
     at LLMGameCreator.Tests.Application.OfflineGeoworldInteractionPlayableProbe.OfflineGeoworldInteractionPlayableProbeTests.ServiceBuildsInteractionPayloadAndEvidence() in C:\Users\endim\LLMGameCreator\tests\LLMGameCreator.Tests\Application\OfflineGeoworldInteractionPlayableProbe\OfflineGeoworldInteractionPlayableProbeTests.cs:line 19
--- End of stack trace from previous location ---
  Passed LLMGameCreator.Tests.Application.OfflineGeoworldInteractionPlayableProbe.OfflineGeoworldInteractionPlayableProbeTests.NegativeProofCoversRequiredInteractionRisks [47 ms]
[xUnit.net 00:01:00.12]       Assert.True() Failure
[xUnit.net 00:01:00.12]       Expected: True
[xUnit.net 00:01:00.12]       Actual:   False
[xUnit.net 00:01:00.12]       Stack Trace:
[xUnit.net 00:01:00.12]         C:\Users\endim\LLMGameCreator\tests\LLMGameCreator.Tests\Application\OfflineGeoworldInteractionPlayableProbe\OfflineGeoworldInteractionPlayableProbeTests.cs(122,0): at LLMGameCreator.Tests.Application.OfflineGeoworldInteractionPlayableProbe.OfflineGeoworldInteractionPlayableProbeTests.WorkspaceGroupSurfacesInteractionReadiness()
[xUnit.net 00:01:00.12]         --- End of stack trace from previous location ---
  Passed LLMGameCreator.Tests.Application.OfflineGeoworldInteractionPlayableProbe.OfflineGeoworldInteractionPlayableProbeTests.SimulatedSessionProofCoversBindingAvailabilityAndStateHashChain [49 ms]
  Failed LLMGameCreator.Tests.Application.OfflineGeoworldInteractionPlayableProbe.OfflineGeoworldInteractionPlayableProbeTests.WorkspaceGroupSurfacesInteractionReadiness [611 ms]
  Error Message:
   Assert.True() Failure
Expected: True
Actual:   False
  Stack Trace:
     at LLMGameCreator.Tests.Application.OfflineGeoworldInteractionPlayableProbe.OfflineGeoworldInteractionPlayableProbeTests.WorkspaceGroupSurfacesInteractionReadiness() in C:\Users\endim\LLMGameCreator\tests\LLMGameCreator.Tests\Application\OfflineGeoworldInteractionPlayableProbe\OfflineGeoworldInteractionPlayableProbeTests.cs:line 122
--- End of stack trace from previous location ---
  Passed LLMGameCreator.Tests.Application.UnityRuntimeExport.UnityRuntimeExportAcceptanceTests.RemovingExpectationOnlyMutationMakesExpectedInvalidMatrixFail [691 ms]
  Passed LLMGameCreator.Tests.Application.UnityRuntimeExport.UnityRuntimeExportAcceptanceTests.InvalidFakeLeakAndExpectationOnlyScenariosAreRejectedCausally [636 ms]
  Passed LLMGameCreator.Tests.Application.UnityRuntimeExport.UnityRuntimeExportAcceptanceTests.ContractCoversSelectedLoopAndAssetRefsOutsideRuntimePreview [597 ms]
  Passed LLMGameCreator.Tests.Application.UnityRuntimeExport.UnityRuntimeExportAcceptanceTests.BuildsStableAcceptedUnityRuntimeExportArtifacts [755 ms]
  Passed LLMGameCreator.Tests.ProductSmoke.DeterministicVisualChunkStreamWindowProductSmokeTests.Goal091DeterministicVisualChunkStreamWindowProductSmoke [66 ms]
  Passed LLMGameCreator.Tests.Design.GeneratorPlanExampleTemplateCatalogTests.TemplateCatalogTemplatesAreValidJson [1 ms]
  Passed LLMGameCreator.Tests.Design.GeneratorPlanExampleTemplateCatalogTests.TemplateServiceRejectsUnknownTemplate [2 ms]
  Passed LLMGameCreator.Tests.Design.GeneratorPlanExampleTemplateCatalogTests.TemplateCatalogTemplatesHaveUniqueIdsAndFileNames [1 ms]
  Passed LLMGameCreator.Tests.Design.GeneratorPlanExampleTemplateCatalogTests.TemplateCatalogListsAtLeastFiveTemplates [< 1 ms]
  Passed LLMGameCreator.Tests.Design.GeneratorPlanExampleTemplateCatalogTests.OneClickExportTemplateProducesMeaningfulTitleAndQuest [139 ms]
  Passed LLMGameCreator.Tests.Design.GeneratorPlanExampleTemplateCatalogTests.TemplateServiceMaterializesSelectedTemplateAndDoesNotOverwriteWhenOverwriteFalse [2 ms]
  Passed LLMGameCreator.Tests.Design.GeneratorPlanExampleTemplateCatalogTests.TemplateCatalogTemplatesCanPreview [36 ms]
  Passed LLMGameCreator.Tests.Design.GeneratorPlanExampleTemplateCatalogTests.OneClickExportCanExportEachBuiltInTemplate [368 ms]
  Passed LLMGameCreator.Tests.Application.RuntimePreview.GeneratedMicrogameAcceptanceServiceTests.GeneratedMicrogameAcceptanceReportIsDeterministicAndContainsLoopEvidence [7 ms]
  Passed LLMGameCreator.Tests.Application.RuntimePreview.GeneratedMicrogameAcceptanceServiceTests.GeneratedMicrogameAcceptanceWriteCreatesSnapshotReportAndManualVerificationDoc [14 ms]
  Passed LLMGameCreator.Tests.Application.RuntimePreview.ExtensionSpineScenarioHarnessTests.HarnessBuildsStableAcceptedBaseAndExtensionScenarios [78 ms]
  Passed LLMGameCreator.Tests.Application.RuntimePreview.ExtensionSpineScenarioHarnessTests.ValidatorRejectsUnsafeUnknownFormulaAndUnsupportedExtensionDeclarations [< 1 ms]
  Passed LLMGameCreator.Tests.Application.RuntimePreview.ExtensionSpineScenarioHarnessTests.HarnessWriteCreatesExpectedExtensionSpineArtifacts [25 ms]
  Passed LLMGameCreator.Tests.Application.ProgrammaticNarrativeQuestDialogueEventMatrix.ProgrammaticNarrativeInvalidMatrixTests.InvalidFakeLeakMatrixCoversRequiredCases [26 ms]
  Passed LLMGameCreator.Tests.ProductSmoke.ProjectsPageProductSmokeTests.ProjectsPage_normal_workspace_has_friendly_sections_exact_primary_action_and_no_goal_number_labels [< 1 ms]
  Passed LLMGameCreator.Tests.ProductSmoke.RuntimeBackedMicrogameStateSmokeTests.RuntimeBackedMicrogameStateProductSmoke [45 ms]
  Passed LLMGameCreator.Tests.Application.SemanticPackComposition.SemanticPackCompositionCatalogTests.SeedCatalogCoversGoal031FactDomainVocabulary [5 ms]
  Passed LLMGameCreator.Tests.Application.SemanticPackComposition.SemanticPackCompositionCatalogTests.SeedCatalogValidatesAndCoversRequiredProfilesAndMixins [9 ms]
  Passed LLMGameCreator.Tests.Application.VisualWorldStreamPreviewWorkspace.VisualWorldStreamPreviewWorkspaceGoal115Tests.Goal115HumanResultRevalidationGroupSurfacesManualGateStatus [526 ms]
  Passed LLMGameCreator.Tests.Application.ChunkedRuntimePreviewExportSmoke.InfiniteChunkedWorldSmokeTests.BoundedInfiniteChunkWindowProofIsDeterministic [103 ms]
  Passed LLMGameCreator.Tests.Application.VisualWorldStreamPreviewWorkspace.VisualWorldStreamPreviewWorkspaceGoal130Tests.Goal130GamePackageCandidateFactorySurfacesInWorkspaceAndUiBinding [627 ms]
  Passed LLMGameCreator.Tests.Application.DynamicSemanticFeatures.DynamicSemanticFeatureAuthoringSchemaTests.AuthoringSchemaExposesGroupsOptionsApplicabilityAndSafeHints [7 ms]
  Passed LLMGameCreator.Tests.Application.MediaAssetCampaignOrchestration.MediaAssetFixtureBindingTests.FixtureFilesAreWrittenHashedAndBoundWithoutFinalMediaClaims [192 ms]
[xUnit.net 00:01:05.83]       Assert.Equal() Failure: Strings differ
[xUnit.net 00:01:05.84]                  ↓ (pos 0)
[xUnit.net 00:01:05.84]       Expected: "GREEN"
[xUnit.net 00:01:05.84]       Actual:   "BLOCKED"
[xUnit.net 00:01:05.84]                  ↑ (pos 0)
[xUnit.net 00:01:05.84]       Stack Trace:
[xUnit.net 00:01:05.84]         C:\Users\endim\LLMGameCreator\tests\LLMGameCreator.Tests\ProductSmoke\AcceptedAlphaUnityPlayableProjectionProductSmokeTests.cs(65,0): at LLMGameCreator.Tests.ProductSmoke.AcceptedAlphaUnityPlayableProjectionProductSmokeTests.ProductSmokeWritesProjectionArtifactsAndWorkspaceSurface()
[xUnit.net 00:01:05.84]         --- End of stack trace from previous location ---
  Failed LLMGameCreator.Tests.ProductSmoke.AcceptedAlphaUnityPlayableProjectionProductSmokeTests.ProductSmokeWritesProjectionArtifactsAndWorkspaceSurface [728 ms]
  Error Message:
   Assert.Equal() Failure: Strings differ
           ↓ (pos 0)
Expected: "GREEN"
Actual:   "BLOCKED"
           ↑ (pos 0)
  Stack Trace:
     at LLMGameCreator.Tests.ProductSmoke.AcceptedAlphaUnityPlayableProjectionProductSmokeTests.ProductSmokeWritesProjectionArtifactsAndWorkspaceSurface() in C:\Users\endim\LLMGameCreator\tests\LLMGameCreator.Tests\ProductSmoke\AcceptedAlphaUnityPlayableProjectionProductSmokeTests.cs:line 65
--- End of stack trace from previous location ---
  Passed LLMGameCreator.Tests.ProductSmoke.AlphaRunnableBuildSmokeTests.AlphaRunnableBuildProductSmoke [57 s]
  Passed LLMGameCreator.Tests.ProductSmoke.CombatMagicAbilityBossEncounterMatrixProductSmokeTests.Goal068CombatMagicAbilityBossEncounterMatrixEvidenceIsProducedForReview [32 s]
  Passed LLMGameCreator.Tests.ProductSmoke.ConstrainedSpatialDetailGenerationProductSmokeTests.Goal062ConstrainedSpatialDetailGenerationEvidenceIsProducedForReview [33 s]
  Passed LLMGameCreator.Tests.ProductSmoke.FullCampaignGamePackageMaterializationProductSmokeTests.Goal060FullCampaignGamePackageMaterializationEvidenceIsProducedForReview [32 s]
  Passed LLMGameCreator.Tests.ProductSmoke.FullCampaignPlayableReviewPackageRcProductSmokeTests.Goal061FullCampaignPlayableReviewPackageRcEvidenceIsProducedForReview [34 s]
  Passed LLMGameCreator.Tests.ProductSmoke.FullGeneratorVariabilityRegressionMatrixProductSmokeTests.FullGeneratorVariabilityRegressionMatrixProductSmoke [32 s]
  Passed LLMGameCreator.Tests.ProductSmoke.FullMediaBoundGeneratorCampaignProductSmokeTests.FullMediaBoundGeneratorCampaignProductSmoke [32 s]
  Passed LLMGameCreator.Tests.ProductSmoke.GameplayConsequenceDepthMatrixProductSmokeTests.Goal063GameplayConsequenceDepthMatrixEvidenceIsProducedForReview [31 s]
  Passed LLMGameCreator.Tests.ProductSmoke.IntegratedCampaignTimelineSimulationMatrixProductSmokeTests.Goal070IntegratedCampaignTimelineSimulationMatrixEvidenceIsProducedForReview [33 s]
  Passed LLMGameCreator.Tests.ProductSmoke.InterlockedGameplaySystemsDepthMatrixProductSmokeTests.Goal065InterlockedGameplaySystemsDepthMatrixEvidenceIsProducedForReview [33 s]
  Passed LLMGameCreator.Tests.ProductSmoke.LivingWorldNpcFactionSimulationMatrixProductSmokeTests.Goal064LivingWorldNpcFactionSimulationMatrixEvidenceIsProducedForReview [34 s]
  Passed LLMGameCreator.Tests.ProductSmoke.MinimumPlayableGeneratedGameSmokeTests.MinimumPlayableGeneratedGameProductSmoke [1 m 3 s]
  Passed LLMGameCreator.Tests.ProductSmoke.ProgrammaticNarrativeQuestDialogueEventMatrixProductSmokeTests.Goal067ProgrammaticNarrativeQuestDialogueEventMatrixEvidenceIsProducedForReview [33 s]
  Passed LLMGameCreator.Tests.ProductSmoke.SettlementConstructionDestructionProductionMatrixProductSmokeTests.Goal066SettlementConstructionDestructionProductionMatrixEvidenceIsProducedForReview [33 s]
  Passed LLMGameCreator.Tests.ProductSmoke.UnityAlphaInteractiveCampaignPlayerProductSmokeTests.Goal071UnityAlphaInteractiveCampaignPlayerEvidenceIsProducedForReview [33 s]
  Passed LLMGameCreator.Tests.ProductSmoke.UnityAlphaMediaBoundPlayablePackageProductSmokeTests.UnityAlphaMediaBoundPlayablePackageProductSmoke [33 s]
  Passed LLMGameCreator.Tests.ProductSmoke.UnityAlphaMultiFamilyPlayableLoopProductSmokeTests.UnityAlphaMultiFamilyPlayableLoopProductSmoke [33 s]
  Passed LLMGameCreator.Tests.ProductSmoke.UnityReadablePresentationSmokeTests.UnityReadablePresentationProductSmoke [2 m 45 s]
